id,site,ip
1,A2002_AN_COYLLUR_COILLOR,10.103.1.8
2,A2003_AN_MACASHCA,10.103.1.24
3,A2004_AN_COCHABAMBA,10.103.1.40
4,A2005_AN_CUNCO,10.103.1.56
5,A2007_AN_CHIPRE,10.103.1.72
6,A2008_AN_COLCABAMBA,10.103.1.88
7,A2009_AN_HUANCHAY,10.103.1.104
8,A2010_AN_COLCAP,10.103.1.120
9,A2013_AN_CHAVIN,10.103.1.136
10,A2016_AN_PARIA_WILCAHUAIN_PARIA,10.103.1.152
11,A2017_AN_SHECTA,10.103.1.168
12,A2020_AN_QUENUAYOC,10.103.1.184
13,A2022_AN_HUAUYAHUILLCA,10.103.1.200
14,A2025_AN_MATAQUITA,10.103.1.216
15,A2027_AN_CAJAMARQUILLA,10.103.1.232
16,A2029_AN_OLLEROS,10.103.1.248
17,A2030_AN_LLOCLLA,10.103.2.8
18,A2032_AN_SHANCAC,10.103.2.24
19,A2033_AN_PARIACOTO,10.103.2.40
20,A2037_AN_FORTALEZA,10.103.2.56
21,A2039_AN_NUEVA_ESPERANZA,10.103.2.72
22,A2040_AN_PIRA,10.103.2.88
23,A2043_AN_JIRAC,10.103.2.104
24,A2044_AN_YUPASH,10.103.2.120
25,A2045_AN_TARICA,10.103.2.136
26,A2053_AN_LA MERCED,10.103.2.216
27,A2154_AN_CHINCHO,10.103.2.152
28,A2050_AN_CORIS,10.103.2.168
29,A2051_AN_SAN_DAMIAN,10.103.2.184
30,A2052_AN_HUACLLAN,10.103.2.200
31,A2053_AN_LA_MERCED,10.103.2.216
32,A2054_AN_SANTA_CRUZ_DE_RUREK,10.103.2.232
33,A2055_AN_SUCCHA,10.103.2.248
34,A2057_AN_COTO,10.103.3.8
35,A2060_AN_SAN_PEDRO_DE_UCHUPATA,10.103.3.24
36,A2061_AN_CHACCHO,10.103.3.40
37,A2062_AN_CHINGAS,10.103.3.56
38,A2064_AN_VILCABAMBA,10.103.3.72
39,A2065_AN_MIRGAS,10.103.3.88
40,A2066_AN_VISTA_ALEGRE_DE_ILLAURO,10.103.3.104
41,A2068_AN_CASHASH_SANTA_CRUZ_DE_CASHASH,10.103.3.120
42,A2069_AN_SAN_ANTONIO_DE_ACO,10.103.3.136
43,A2070_AN_SAN_MARTIN_DE_PUNCA,10.103.3.152
44,A2071_AN_SAN_JUAN_DE_RONTOY,10.103.3.168
45,A2072_AN_CANTU_FLOR_DE_CANTU,10.103.3.184
46,A2073_AN_CHACAS,10.103.3.200
47,A2076_AN_ACOCHACA,10.103.3.216
48,A2077_AN_WECRONCOCHA,10.103.3.232
49,A2078_AN_SAPCHA,10.103.3.248
50,A2079_AN_CHINLLA,10.103.4.8
51,A2082_AN_LLACLLA,10.103.4.24
52,A2084_AN_YAMOR_YAMOR_PUEBLO_NUEVO,10.103.4.40
53,A2085_AN_AQUIA,10.103.4.56
54,A2086_AN_CAJACAY,10.103.4.72
55,A2088_AN_SANTA_ROSA,10.103.4.88
56,A2089_AN_CANIS,10.103.4.104
57,A2090_AN_CHASQUITAMBO,10.103.4.120
58,A2091_AN_HUALLANCA,10.103.4.136
59,A2092_AN_HUASTA,10.103.4.152
60,A2094_AN_HUAYLLACAYAN,10.103.4.168
61,A2095_AN_GORGORILLO,10.103.4.184
62,A2096_AN_MANGAS,10.103.4.200
63,A2097_AN_PACLLON,10.103.4.216
64,A2098_AN_CORPANQUI,10.103.4.232
65,A2099_AN_TICLLOS,10.103.4.248
66,A2100_AN_ROCA,10.103.5.8
67,A2103_AN_HUALCAN,10.103.5.24
68,A2107_AN_MAYA,10.103.5.40
69,A2108_AN_RAMPAC_GRANDE,10.103.5.56
70,A2109_AN_TAURIPAMPA,10.103.5.72
71,A2110_AN_PUNYA,10.103.5.88
72,A2112_AN_NUNOCOTO,10.103.5.104
73,A2114_AN_ANTA,10.103.5.120
74,A2117_AN_ATAQUERO,10.103.5.136
75,A2119_AN_COPA_GRANDE,10.103.5.152
76,A2120_AN_PURHUAY,10.103.5.168
77,A2122_AN_CULLHUASH,10.103.5.184
78,A2128_AN_PAMPAMACA,10.103.5.200
79,A2129_AN_HONCOPAMPA,10.103.5.216
80,A2130_AN_SHILLA,10.103.5.232
81,A2132_AN_YUNGAR,10.103.5.248
82,A2135_AN_POYOR,10.103.6.8
83,A2141_AN_HUMANHUAUCO,10.103.6.24
84,A2142_AN_POMALLUCAY,10.103.6.40
85,A2144_AN_CANCHABAMBA,10.103.6.56
86,A2145_AN_COCHABAMBA,10.103.6.72
87,A2147_AN_SINCUNA_PAMPA,10.103.6.88
88,A2149_AN_SAN_NICOLAS,10.103.6.104
89,A2150_AN_RURIS,10.103.6.120
90,A2153_AN_YAUYA,10.103.6.136
91,A2155_AN_SAN_FRANCISCO,10.103.6.152
92,A2159_AN_RAYAN,10.103.6.168
93,A2162_AN_CARRIZAL,10.103.6.184
94,A2163_AN_BUENA_VISTA_ALTA,10.103.6.200
95,A2164_AN_HUANCHUY,10.103.6.216
96,A2165_AN_CUNCA,10.103.6.232
97,A2166_AN_OLIVAR_ALTO,10.103.6.248
98,A2167_AN_PUERTO_CASMA,10.103.7.8
99,A2168_AN_TORTUGAS,10.103.7.24
100,A2170_AN_YAUTAN,10.103.7.40
101,A2171_AN_CALPOC,10.103.7.56
102,A2172_AN_CACHIPAMPA_BAJA,10.103.7.72
103,A2174_AN_CASABLANCA,10.103.7.88
104,A2177_AN_BAMBAS,10.103.7.104
105,A2178_AN_CUSCA,10.103.7.120
106,A2179_AN_HUARIRCA,10.103.7.136
107,A2180_AN_YANTACON,10.103.7.152
108,A2181_AN_HUALLCALLANCA,10.103.7.168
109,A2183_AN_MIRASANTA,10.103.7.184
110,A2185_AN_PACATQUI,10.103.7.200
111,A2186_AN_YUPAN,10.103.7.216
112,A3357_LL_NUEVA_ESPERANZA_REP,10.103.7.232
113,A2189_AN_HUAMPARAN,10.103.7.248
114,A2192_AN_ACOPALCA,10.103.8.8
115,A2193_AN_YACYA,10.103.8.24
116,A2194_AN_MALLAS,10.103.8.40
117,A2195_AN_ANRA,10.103.8.56
118,A2196_AN_CASCAY,10.103.8.72
119,A2197_AN_CAJAY,10.103.8.88
120,A2198_AN_HUARITAMBO,10.103.8.104
121,A2199_AN_QUERORAGRA,10.103.8.120
122,A2202_AN_NUEVO_PROGRESO,10.103.8.136
123,A2204_AN_CATAYOC,10.103.8.152
124,A2209_AN_CHICHUCANCHA,10.103.8.168
125,A2211_AN_MACHAC,10.103.8.184
126,A2212_AN_UCHUHUAYTA,10.103.8.200
127,A2213_AN_HUACACHI,10.103.8.216
128,A2214_AN_OCOCOCHA,10.103.8.232
129,A2217_AN_QUINHUAY,10.103.8.248
130,A2219_AN_YANAS,10.103.9.8
131,A2220_AN_MARCASH,10.103.9.24
132,A2221_AN_HUACHIS,10.103.9.40
133,A2222_AN_CHUPAN,10.103.9.56
134,A2223_AN_QUICHUAS,10.103.9.72
135,A2224_AN_HUANTAR,10.103.9.88
136,A2225_AN_CHUCOS,10.103.9.104
137,A2227_AN_MASIN,10.103.9.120
138,A2228_AN_ACCHAS,10.103.9.136
139,A2230_AN_PAUCAS,10.103.9.152
140,A2231_AN_VISCAS,10.103.9.168
141,A2232_AN_PONTO,10.103.9.184
142,A2233_AN_YUNGUILLA,10.103.9.200
143,A2234_AN_CUCHOS,10.103.9.216
144,A2237_AN_CONIN,10.103.9.232
145,A2238_AN_RAHUAPAMPA,10.103.9.248
146,A2239_AN_RAPAYAN,10.103.10.8
147,A2244_AN_HUARIPAMPA_ALTO,10.103.10.24
148,A2246_AN_CARHUAYOC,10.103.10.40
149,A2249_AN_CHALLHUAYACO,10.103.10.56
150,A2253_AN_CHANA,10.103.10.72
151,A2254_AN_VICHON,10.103.10.88
152,A2255_AN_UCO,10.103.10.104
153,A2259_AN_HUAMBA_BAJA,10.103.10.120
154,A2260_AN_PUERTO_HUARMEY,10.103.10.136
155,A2262_AN_COCHAPETI,10.103.10.152
156,A2264_AN_QUIAN,10.103.10.168
157,A2266_AN_HUAYAN,10.103.10.184
158,A2268_AN_MALVAS,10.103.10.200
159,A2270_AN_COCHAMARCA,10.103.10.216
160,A2272_AN_PAMPACOCHA,10.103.10.232
161,A2275_AN_YURACOTO,10.103.10.248
162,A2278_AN_PARON,10.103.11.8
163,A2279_AN_TICRAPA,10.103.11.24
164,A2283_AN_RACRACALLAN,10.103.11.40
165,A2284_AN_HUAYLAS,10.103.11.56
166,A2287_AN_PAMPAROMAS,10.103.11.72
167,A2289_AN_ULLPAN,10.103.11.88
168,A2290_AN_CAJABAMBA_BAJA,10.103.11.104
169,A2291_AN_CHACLANCAYO,10.103.11.120
170,A2292_AN_HUARACPAMPA,10.103.11.136
171,A2293_AN_CHUNYA,10.103.11.152
172,A2294_AN_HUASCAR,10.103.11.168
173,A2295_AN_PICHIU,10.103.11.184
174,A2296_AN_PISHA,10.103.11.200
175,A2297_AN_SAN_JUAN,10.103.11.216
176,A2299_AN_HUAMANCAYAN,10.103.11.232
177,A2300_AN_LA_HOYADA,10.103.11.248
178,A2303_AN_HUANAYO,10.103.12.8
179,A2306_AN_HUALCAYAN,10.103.12.24
180,A2307_AN_CARANCA,10.103.12.40
181,A2310_AN_CONAY,10.103.12.56
182,A2313_AN_SANTO_TORIBIO,10.103.12.72
183,A2316_AN_SANTA_ROSA,10.103.12.88
184,A2318_AN_SOCOSBAMBA,10.103.12.104
185,A2319_AN_CASCA,10.103.12.120
186,A2322_AN_PALLAHUASI,10.103.12.136
187,A2324_AN_PAMPACHACRA,10.103.12.152
188,A2325_AN_PUMPA,10.103.12.168
189,A2326_AN_SANACHGAN,10.103.12.184
190,A2327_AN_PARCO,10.103.12.200
191,A2329_AN_LLUMPA,10.103.12.216
192,A2331_AN_AMAPAMPA,10.103.12.232
193,A2332_AN_SHOCA,10.103.12.248
194,A2335_AN_ACHCAY,10.103.13.8
195,A2339_AN_LUCMA,10.103.13.24
196,A2340_AN_POCHGOJ,10.103.13.40
197,A2343_AN_CHARAC,10.103.13.56
198,A2344_AN_MUSGA,10.103.13.72
199,A2345_AN_CANRASH,10.103.13.88
200,A2347_AN_ACAS,10.103.13.104
201,A2348_AN_CAJAMARQUILLA,10.103.13.120
202,A2349_AN_ACO,10.103.13.136
203,A2350_AN_HUANCHAY,10.103.13.152
204,A2351_AN_CONGAS,10.103.13.168
205,A2352_AN_LLIPA,10.103.13.184
206,A2353_AN_RAJAN,10.103.13.200
207,A2354_AN_COPA,10.103.13.216
208,A2355_AN_SANTIAGO_DE_CHILCAS,10.103.13.232
209,A2360_AN_FERRER,10.103.13.248
210,A2361_AN_CONCHUCOS,10.103.14.8
211,A2362_AN_MARAYPAMPA,10.103.14.24
212,A2363_AN_HUACASCHUQUE,10.103.14.40
213,A2364_AN_HUANDOVAL,10.103.14.56
214,A2365_AN_LACABAMBA,10.103.14.72
215,A2366_AN_LLAPO,10.103.14.88
216,A2367_AN_PALLASCA,10.103.14.104
217,A2369_AN_PAMPAS,10.103.14.120
218,A2370_AN_PUYALLI,10.103.14.136
219,A2373_AN_SANTA_ROSA,10.103.14.152
220,A2374_AN_ANCOS,10.103.14.168
221,A2375_AN_TAUCA,10.103.14.184
222,A2376_AN_HUALALAY,10.103.14.200
223,A2444_AN_HUACATAMBO,10.103.14.216
224,A2382_AN_VINAUYA,10.103.14.232
225,A2385_AN_HUAYLLAN,10.103.14.248
226,A2389_AN_PAROBAMBA,10.103.15.8
227,A2391_AN_SHUYPILLAY,10.103.15.24
228,A2392_AN_SHUMPILLAN,10.103.15.40
229,A2394_AN_TAYA,10.103.15.56
230,A2395_AN_OCOPON,10.103.15.72
231,A2397_AN_QUINUABAMBA,10.103.15.88
232,A2398_AN_YAMYAN,10.103.15.104
233,A2403_AN_COTAPARACO,10.103.15.120
234,A2404_AN_HUAYLLAPAMPA,10.103.15.136
235,A2405_AN_LLACLLIN,10.103.15.152
236,A2406_AN_MARCA,10.103.15.168
237,A2407_AN_PAMPAS_CHICO,10.103.15.184
238,A2408_AN_HUAMBO,10.103.15.200
239,A2409_AN_MAYORARCA,10.103.15.216
240,A2410_AN_PARARIN,10.103.15.232
241,A2411_AN_TAPACOCHA,10.103.15.248
242,A2414_AN_RINCONADA,10.103.16.8
243,A2416_AN_CASCAJAL_ALTO_CAMPAMENTO,10.103.16.24
244,A2418_AN_VALLE_EL_PROGRESO,10.103.16.40
245,A2419_AN_CASCAJAL_BAJO_LA_CUADRA,10.103.16.56
246,A2421_AN_TAMBO_REAL_NUEVO,10.103.16.72
247,A2426_AN_CHACHAPOYAS,10.103.16.88
248,A2428_AN_CAMBIO_PUENTE,10.103.16.104
249,A2430_AN_SAN_JOSE,10.103.16.120
250,A2431_AN_JIMBE,10.103.16.136
251,A2432_AN_LAMPANIN,10.103.16.152
252,A2433_AN_COLCAP,10.103.16.168
253,A2435_AN_MACATE,10.103.16.184
254,A2437_AN_CAPTUY_BAJO,10.103.16.200
255,A2438_AN_LARIA_BAJA,10.103.16.216
256,A2439_AN_POCOS,10.103.16.232
257,A2440_AN_VIRAHUANCA,10.103.16.248
258,A2442_AN_SAN_JUAN,10.103.17.8
259,A2443_AN_SAN_JOSE,10.103.17.24
260,A2446_AN_LA_CAPILLA,10.103.17.40
261,A2447_AN_HUAMBACHO_NUEVA_LA_HUACA,10.103.17.56
262,A2449_AN_LOS_CHIMUS,10.103.17.72
263,A2451_AN_PUERTO_SANTA,10.103.17.88
264,A2453_AN_TANGAY_BAJO,10.103.17.104
265,A2456_AN_SAN_FRANCISCO,10.103.17.120
266,A2458_AN_ACOBAMBA,10.103.17.136
267,A2459_AN_JOCOS,10.103.17.152
268,A2462_AN_ULLULLUCO,10.103.17.168
269,A2463_AN_CASHAPAMPA,10.103.17.184
270,A2465_AN_CHINGALPO,10.103.17.200
271,A2467_AN_PACHAVILCA,10.103.17.216
272,A2469_AN_COLCABAMBA,10.103.17.232
273,A2470_AN_AHIJADERO,10.103.17.248
274,A2474_AN_QUICHES,10.103.18.8
275,A2475_AN_JOCOSBAMBA,10.103.18.24
276,A2476_AN_CASA_BLANCA,10.103.18.40
277,A2477_AN_CONDOR_CERRO,10.103.18.56
278,A2479_AN_TUCUSH,10.103.18.72
279,A2480_AN_CHULLIN,10.103.18.88
280,A2481_AN_ROSAMONTE,10.103.18.104
281,A2483_AN_ANDAYMAYO,10.103.18.120
282,A2485_AN_UMBE,10.103.18.136
283,A2486_AN_SICSIBAMBA,10.103.18.152
284,A2492_AN_MARAP,10.103.18.168
285,A2494_AN_CANYASBAMBA,10.103.18.184
286,A2495_AN_HUARCA,10.103.18.200
287,A2497_AN_ATMA,10.103.18.216
288,A2504_AN_TUMPA,10.103.18.232
289,A2506_AN_PUCAP_GRANDE,10.103.18.248
290,A2507_AN_QUISHUAR,10.103.19.8
291,A2510_AN_MAMAPAMPA,10.103.19.24
292,A2513_AN_PUMARRANRA,10.103.19.40
293,A2514_AN_MATACOTO,10.103.19.56
294,A2515_AN_QUILLO,10.103.19.72
295,A2516_AN_HUACUY ALTO,10.103.19.88
296,A2517_AN_CONCHI,10.103.19.104
297,A2519_AN_PUNAP,10.103.19.120
298,A2523_AN_LA_RINCONADA,10.103.19.136
299,A2524_AN_HUAMBO,10.103.19.152
300,A2526_AN_INDEPENDENCIA,10.103.19.168
301,A2528_AN_YANAMA,10.103.19.184
302,A2530_AN_PACARISCA,10.103.19.200
303,A2533_AN_YERBABUENA,10.103.19.216
304,A2534_AN_CHALHUA,10.103.19.232
305,A2535_AN_COCHAUCRO,10.103.19.248
306,A2537_AN_AN-Cosite0026_0027,10.103.20.8
307,A2538_AN_Cosite0012_0013,10.103.20.24
308,A2539_AN_Cosite0028_0036,10.103.20.40
309,A2540_AN_Cosite0038_0047,10.103.20.56
310,A2236_AN_SAN_JUAN,10.103.20.72
311,A2265_AN_QUITA_SOMBERO,10.103.20.88
312,A3357_LL_NUEVA ESPERANZA_REP,10.103.20.120
313,A2536_AN_CUNYA,10.103.20.104
314,A2047_AN_COLLON,10.103.20.136
315,A2139_AN_ILLAURO,10.103.20.152
316,A2087_AN_COLCA,10.103.20.168
317,A1006_AR_CHIGUATA,10.113.13.8
318,A1007_AR_ARENALES,10.113.13.24
319,A1009_AR_CACAYACO,10.113.8.136
320,A1015_AR_LA CURVA,10.113.13.40
321,A1018_AR_PROGRESO 48 (LA REPARTICION),10.113.13.72
322,A1019_AR_IRRIGACION LA CANO,10.113.5.168
323,A1020_AR_SAN JOSE,10.113.8.168
324,A1021_AR_SAN LUIS LA CANO,10.113.8.184
325,A1022_AR_VILLA HERMOSA,10.113.8.200
326,A1023_AR_ASENTAMIENTO VI SAN CAMILO,10.113.8.184
327,A1026_AR_IRRIGACION SAN ISIDRO ASENTAMIENTO 2,10.113.8.200
328,A1029_AR_MOLLEBAYA,10.113.5.184
329,A1030_AR_MACHAHUAYA,10.113.5.200
330,A1032_AR_POCSI,10.113.1.40
331,A1033_AR_TUCTUMPAYA,10.113.5.232
332,A1034_AR_PIACA,10.113.1.56
333,A1035_AR_POLOBAYA GRANDE,10.113.1.72
334,A1037_AR_AGUA BUENA,10.113.8.216
335,A1038_AR_TOTORANE,10.113.1.72
336,A1039_AR_SAN JOSE DE UZUŃA,10.113.8.232
337,A1042_AR_YUMINA,10.113.8.248
338,A1044_AR_TAMBILLO,10.113.5.248
339,A1045_AR_TARUCANI,10.113.9.8
340,A1046_AR_SANTA ISABEL DE SIGUAS,10.113.3.24
341,A1048_AR_TIN TIN,10.113.3.40
342,A1049_AR_SANTA RITA DE SIGUAS,10.113.1.88
343,A1052_AR_LATERAL 3 EL CURAL,10.113.9.24
344,A1055_AR_VITOR,10.113.5.120
345,A1056_AR_LA CALETA,10.113.9.40
346,A1059_AR_TACAR,10.113.1.104
347,A1062_AR_YARABAMBA,10.113.9.56
348,A1065_AR_CONO NORTE,10.113.9.72
349,A1066_AR_YURA VIEJO,10.113.9.88
350,A1067_AR_LA ESTACION,10.113.1.120
351,A1070_AR_EL CARDO,10.113.3.56
352,A1073_AR_URASQUI,10.113.3.72
353,A1074_AR_SECOCHA,10.113.6.8
354,A1075_AR_SAN JOSE,10.113.1.136
355,A1076_AR_PUCCHUN,10.113.3.88
356,A1077_AR_SAN GREGORIO,10.113.1.152
357,A1080_AR_SANTA RITA (CENICEROS),10.113.9.104
358,A1082_AR_PANARCANA,10.113.3.104
359,A1084_AR_LA PLANCHADA,10.113.9.104
360,A1085_AR_QUILCA,10.113.1.168
361,A1087_AR_BAJO HUARANGAL,10.113.18.184
362,A1088_AR_HABITAT LA PAMPA,10.113.19.88
363,A1089_AR_LA PUNTA,10.113.3.136
364,A1092_AR_CHOCAVENTO,10.113.13.88
365,A1093_AR_VIJOTO,10.113.9.136
366,A1094_AR_HUARATO,10.113.13.120
367,A1095_AR_EL MOLINO,10.113.13.136
368,A1097_AR_ATICO,10.113.3.152
369,A1099_AR_ATIQUIPA,10.113.1.200
370,A1100_AR_AGUA SALADA,10.113.6.72
371,A1102_AR_BELLA UNION,10.113.13.168
372,A1103_AR_CHAVIŃA,10.113.9.200
373,A1104_AR_CAHUACHO,10.113.13.184
374,A1105_AR_NAUQUIPA,10.113.14.56
375,A1107_AR_ACHANIZO,10.113.3.184
376,A1108_AR_ARASQUI,10.113.9.232
377,A1109_AR_PUEBLO VIEJO (CHAPARRA),10.113.1.216
378,A1110_AR_PAMPA DE HUARA,10.113.9.248
379,A1111_AR_TOCOTA,10.113.3.200
380,A1112_AR_MOLLEHUACA,10.113.1.232
381,A1113_AR_JAQUI,10.113.13.200
382,A1114_AR_MOCHICA BAJA,10.113.13.216
383,A1116_AR_LOMAS,10.113.13.232
384,A1118_AR_EL MOLINO,10.113.2.8
385,A1119_AR_TIRUQUE,10.113.6.88
386,A1120_AR_YAUCA,10.113.3.232
387,A1122_AR_ANDAMAYO,10.113.10.24
388,A1123_AR_HUATIAPILLA (HUATIAPILLA ALTA),10.113.6.104
389,A1124_AR_LA CENTRAL,10.113.6.120
390,A1125_AR_EL CASTILLO,10.113.10.40
391,A1126_AR_ACOY,10.113.6.136
392,A1127_AR_COSOS,10.113.6.152
393,A1130_AR_MAMAS,10.113.6.168
394,A1132_AR_ANDAGUA,10.113.12.40
395,A1133_AR_SOPORO,10.113.12.72
396,A1134_AR_AYO,10.113.12.56
397,A1135_AR_CHACHAS,10.113.19.104
398,A1137_AR_NAHUIRA,10.113.12.88
399,A1138_AR_CHILCAYMARCA,10.113.12.104
400,A1139_AR_HUILLUCO,10.113.12.120
401,A1140_AR_CHAPACOCO,10.113.12.136
402,A1141_AR_CHOCO,10.113.12.248
403,A1142_AR_LLANCA,10.113.15.8
404,A1143_AR_HUANCARQUI,10.113.2.56
405,A1145_AR_PANTEON,10.113.18.40
406,A1147_AR_COTANAY,10.113.18.56
407,A1148_AR_AGUA SANA GRANDE,10.113.18.72
408,A1150_AR_CONDORHUAYCCO,10.113.12.152
409,A1151_AR_HUANCARAMA,10.113.12.168
410,A1153_AR_HUIMPILCA,10.113.12.184
411,A1154_AR_TINTAYMARCA,10.113.12.200
412,A1156_AR_MISAHUANCA,10.113.12.216
413,A1158_AR_PUCA,10.113.18.88
414,A1161_AR_PISCOPAMPA,10.113.18.104
415,A1162_AR_TIPAN,10.113.18.136
416,A1163_AR_TAGRE,10.113.18.152
417,A1166_AR_UŃON,10.113.15.232
418,A1167_AR_PIRAUCHO (NINA QUIRO),10.113.10.152
419,A1169_AR_EL DIQUE,10.113.7.72
420,A1170_AR_EL PEDREGAL,10.113.7.88
421,A1175_AR_SARCAS,10.113.13.248
422,A1176_AR_TORAN,10.113.18.8
423,A1179_AR_COSTURO,10.113.18.168
424,A1182_AR_PAMPACHACRA,10.113.18.120
425,A1185_AR_CANOCOTA,10.113.15.184
426,A1187_AR_CABANACONDE,10.113.15.24
427,A1188_AR_PINCHOLLO,10.113.15.40
428,A1189_AR_CALLALLI,10.113.15.88
429,A1190_AR_CAYLLOMA,10.113.15.104
430,A1192_AR_HUAMBO,10.113.15.120
431,A1193_AR_HUANCA,10.113.2.120
432,A1917_AR_EL POZO,10.113.10.232
433,A1197_AR_SAN BASILIO,10.113.7.136
434,A1200_AR_LLUTA,10.113.4.88
435,A1202_AR_TAYA,10.113.11.40
436,A1206_AR_IMATA,10.113.4.104
437,A1207_AR_SIBAYO,10.113.15.136
438,A1214_AR_TISCO,10.113.15.152
439,A1215_AR_TUTI,10.113.15.168
440,A1216_AR_YANQUE,10.113.15.200
441,A1223_AR_B2,10.113.11.56
442,A1224_AR_EL PIONERO,10.113.7.152
443,A1225_AR_B3,10.113.11.72
444,A1226_AR_SAN JUAN EL ALTO,10.113.7.168
445,A1227_AR_SANTA MARIA DE LA COLINA,10.113.2.152
446,A1230_AR_B1,10.113.7.184
447,A1231_AR_E1,10.113.11.88
448,A1234_AR_B4,10.113.7.200
449,A1236_AR_D2,10.113.7.216
450,A1241_AR_CARMEN ALTO,10.113.11.104
451,A1245_AR_ANDARAY,10.113.2.168
452,A1246_AR_HUASACA,10.113.11.120
453,A1248_AR_CAYARANI,10.113.14.8
454,A1250_AR_VISCA VISCA,10.113.14.24
455,A1251_AR_UMACHULCO,10.113.12.232
456,A1252_AR_CHICHAS,10.113.2.200
457,A1253_AR_YACHANQUILLO,10.113.11.168
458,A1255_AR_SANTA CATALINA,10.113.7.248
459,A1256_AR_IRAY,10.113.2.216
460,A1258_AR_PACAYCHACRA,10.113.11.184
461,A1259_AR_IQUIPI,10.113.4.184
462,A1260_AR_SAN JUAN DE CHORUNGA,10.113.4.200
463,A1261_AR_HUACA,10.113.11.200
464,A1263_AR_SALAMANCA,10.113.18.232
465,A1264_AR_YANAQUIHUA,10.113.4.184
466,A1267_AR_CATARINDO,10.113.4.248
467,A1268_AR_ASENTAMIENTO 7 SAN CAMILO,10.113.11.216
468,A1272_AR_LA PASCANA,10.113.4.232
469,A1273_AR_SANTA MARIA,10.113.19.24
470,A1275_AR_LA AYANQUERA,10.113.19.40
471,A1277_AR_VERACRUZ CHICA,10.113.19.8
472,A1280_AR_BOQUERON,10.113.8.72
473,A1284_AR_CATAS,10.113.8.88
474,A1286_AR_ALCA,10.113.14.72
475,A1287_AR_CHARCANA,10.113.19.72
476,A1288_AR_TAURISMA,10.113.14.72
477,A1289_AR_MUNGUI,10.113.14.120
478,A1913_AR_PETTCCE,10.113.14.184
479,A1291_AR_VELINGA,10.113.14.88
480,A1292_AR_SAYLA,10.113.14.152
481,A1293_AR_TAURIA,10.113.14.40
482,A1295_AR_TORO,10.113.14.168
483,A1296_AR_Cosite 0003-0040,10.113.12.8
484,A1297_AR_Cosite 0047-0058,10.113.12.24
485,A1299_AR_Cosite0032_0033,10.113.18.24
486,A3007_LL_MENOCUCHO,10.123.7.184
487,A3008_LL_BELLO HORIZONTE,10.123.4.200
488,A3011_LL_CONACHE,10.123.17.104
489,A3014_LL_SUN (SUNA),10.123.4.152
490,A3015_LL_POROTO,10.123.3.216
491,A3018_LL_COLLAMBAY,10.123.17.120
492,A3019_LL_HUANGABAL,10.123.24.248
493,A3024_LL_MOLINO CAJANLEQUE,10.123.4.216
494,A3025_LL_MAGDALENA DE CAO,10.123.1.8
495,A3027_LL_MACABI BAJO,10.123.14.136
496,A3028_LL_LA GRAMA,10.123.4.232
497,A3033_LL_MOCAN,10.123.4.248
498,A3034_LL_QUINTA LA GLORIA,10.123.14.152
499,A3038_LL_BAMBAMARCA,10.123.1.24
500,A3039_LL_TRIGOBAMBA,10.123.5.24
501,A3041_LL_NUEVO CONDORMARCA,10.123.3.232
502,A3042_LL_LONGOTEA,10.123.1.40
503,A3045_LL_CHOROBAMBA,10.123.14.184
504,A3046_LL_UCHUCMARCA,10.123.1.56
505,A3048_LL_LLAMACTAMBO,10.123.14.200
506,A3050_LL_CASCAPUY,10.123.14.216
507,A3052_LL_UCUNCHA,10.123.3.248
508,A3054_LL_SANTA VICTORIA,10.123.5.56
509,A3055_LL_NUEVO PARAISO,10.123.14.232
510,A3057_LL_CALERA BAJA,10.123.14.248
511,A3060_LL_QUITO,10.123.3.120
512,A3061_LL_KAWACHI,10.123.5.72
513,A3064_LL_SANTA MARIA,10.123.24.200
514,A3065_LL_SANTA ROSA,10.123.15.8
515,A3068_LL_CERRO SANGO,10.123.16.40
516,A3073_LL_CHUGURPAMPA,10.123.16.56
517,A3079_LL_LA VICTORIA,10.123.16.72
518,A3084_LL_SAN ANTONIO DE IPASHGON,10.123.5.120
519,A3086_LL_SANTA APOLONIA,10.123.15.72
520,A3090_LL_PARUQUE ALTO,10.123.14.104
521,A3094_LL_USURBAMBA,10.123.15.136
522,A3096_LL_EL ORIENTE HUAYCHACA,10.123.6.56
523,A3097_LL_CALAMARCA,10.123.1.88
524,A3099_LL_SICCHAL,10.123.5.136
525,A3102_LL_HUAGALL,10.123.15.88
526,A3104_LL_CHURGUES,10.123.5.152
527,A3105_LL_BARRO NEGRO,10.123.5.168
528,A3109_LL_BELLA UNION,10.123.15.104
529,A3111_LL_LOS LLOQUES,10.123.5.184
530,A3112_LL_LAS HUERTAS,10.123.15.120
531,A3114_LL_CARABAMBA,10.123.3.184
532,A3120_LL_AHIJADERO,10.123.5.200
533,A3124_LL_QUINUALPAMPA,10.123.5.8
534,A3127_LL_SAN BIVIANO,10.123.14.40
535,A3128_LL_PAMPA BELLA,10.123.14.56
536,A3132_LL_QUYQUIN,10.123.15.152
537,A3133_LL_LA VIŃA,10.123.15.168
538,A3134_LL_BUENA VENTURA,10.123.5.216
539,A3135_LL_SAN FERNANDO,10.123.5.232
540,A3136_LL_HUASO,10.123.3.136
541,A3137_LL_HUARISMALCA,10.123.5.248
542,A3139_LL_CERRO GRANDE,10.123.15.200
543,A3140_LL_PARASIVE,10.123.15.216
544,A3141_LL_CHINCHINVARA,10.123.6.8
545,A3144_LL_KENTI,10.123.15.232
546,A3145_LL_CASAPAMBA,10.123.15.248
547,A3148_LL_POTREROBAMBA,10.123.16.8
548,A3152_LL_CANRAZ,10.123.6.24
549,A3155_LL_HUAYNAS,10.123.16.24
550,A3157_LL_LLACAHUAN,10.123.12.248
551,A3158_LL_TUPAC AMARU,10.123.23.56
552,A3159_LL_TAMBILLO,10.123.23.72
553,A3161_LL_PANGO CENTRO,10.123.6.72
554,A3163_LL_POLLO CENTRO,10.123.16.88
555,A3164_LL_PACHIN ALTO,10.123.6.88
556,A3165_LL_HUANGAMARCA,10.123.16.104
557,A3166_LL_TRES CERROS,10.123.23.248
558,A3168_LL_PUSUNCHAS,10.123.6.104
559,A3170_LL_PACHIN BAJO,10.123.16.120
560,A3173_LL_TRIGOPAMPA,10.123.6.120
561,A3177_LL_SAN ISIDRO,10.123.16.136
562,A3178_LL_LA FORTUNA,10.123.6.136
563,A3179_LL_CIENEGO GRANDE,10.123.6.152
564,A3186_LL_PAMPA GRANDE,10.123.16.152
565,A3188_LL_HUACADAY,10.123.17.56
566,A3189_LL_CAMPO NUEVO,10.123.25.24
567,A3190_LL_SURUPAMPA ALTO,10.123.13.8
568,A3191_LL_EL CAPULI,10.123.13.200
569,A3193_LL_AGALLPAMPA,10.123.1.104
570,A3195_LL_SANTA ROSA,10.123.6.232
571,A3197_LL_SAN APOLONIO,10.123.6.248
572,A3198_LL_LABUNDAY,10.123.16.168
573,A3201_LL_EL PROGRESO SAN AGUSTIN,10.123.24.8
574,A3202_LL_MAYDAY,10.123.25.40
575,A3206_LL_CESAR VALLEJO,10.123.6.168
576,A3207_LL_PUEBLO LIBRE,10.123.6.184
577,A3209_LL_SAN PEDRO ALTO,10.123.13.216
578,A3211_LL_CARATA,10.123.24.24
579,A3216_LL_EL PARAISO,10.123.6.200
580,A3217_LL_CHARAT,10.123.1.152
581,A3219_LL_SAŃUMAS,10.123.7.8
582,A3220_LL_CAYANCHAL,10.123.7.24
583,A3222_LL_LA FLORIDA,10.123.16.184
584,A3223_LL_CUNGUNDAY,10.123.7.40
585,A3225_LL_HUARANCHAL,10.123.1.168
586,A3227_LL_IGOR,10.123.17.24
587,A3228_LL_LA FORTUNA,10.123.7.104
588,A3231_LL_LA MANZANA BAJA,10.123.7.120
589,A3233_LL_HUAYOBAMBA,10.123.7.56
590,A3235_LL_LA CUESTA,10.123.4.168
591,A3236_LL_BUENAVISTA DE CANIAC,10.123.13.232
592,A3237_LL_MACHE,10.123.1.184
593,A3238_LL_LLUIN,10.123.24.216
594,A3239_LL_HUAMAN MARCA,10.123.6.216
595,A3241_LL_FRANCISCO BOLOGNESI,10.123.17.72
596,A3243_LL_PARANDAY,10.123.1.200
597,A3244_LL_SHUGULLPAMPA,10.123.7.200
598,A3245_LL_SALPO,10.123.4.8
599,A3246_LL_COCHAYA,10.123.7.136
600,A3247_LL_PURRUPAMPA,10.123.7.152
601,A3250_LL_SHULGOM,10.123.17.88
602,A3251_LL_EL SAUCO,10.123.24.168
603,A3253_LL_EL MILAGRO,10.123.17.136
604,A3255_LL_SINSICAP,10.123.4.24
605,A3256_LL_LA FLORIDA,10.123.17.152
606,A3258_LL_MAYMALL,10.123.7.232
607,A3259_LL_OSCOL,10.123.7.248
608,A3260_LL_USQUIL,10.123.1.120
609,A3261_LL_PAMPA DE LLARO,10.123.16.200
610,A3264_LL_SAN LUIS DE HUAYLOS,10.123.17.168
611,A3266_LL_PAMPA HERMOSA BAJA,10.123.17.40
612,A3268_LL_ANDRES AVELINO CACERES,10.123.16.216
613,A3270_LL_PAMPA REGADA,10.123.8.8
614,A3273_LL_RAMON CASTILLA,10.123.8.24
615,A3276_LL_NAUBAMBA,10.123.7.72
616,A3277_LL_LA PAUCA,10.123.8.40
617,A3278_LL_SANTA ROSA,10.123.25.56
618,A3284_LL_ALTO CHICAMA,10.123.8.56
619,A3286_LL_CAULIMALCA,10.123.8.72
620,A3289_LL_LAS MERCEDES,10.123.17.184
621,A3290_LL_SAN JUAN,10.123.17.200
622,A3292_LL_COTQUIT,10.123.24.184
623,A3295_LL_EL PROGRESO,10.123.14.72
624,A3298_LL_LA UNION,10.123.8.88
625,A3301_LL_CHOCONDAY,10.123.7.88
626,A3302_LL_LA LIBERTAD,10.123.17.216
627,A3303_LL_CAPACHIQUE,10.123.24.152
628,A3308_LL_MONCHACAP,10.123.16.232
629,A3309_LL_BARRO NEGRO,10.123.17.232
630,A3312_LL_CHOCOFAN,10.123.15.24
631,A3319_LL_CRUCE SAN MARTIN DE PORRES (EL CRUCE),10.123.15.40
632,A3320_LL_COSQUEPON,10.123.1.72
633,A3321_LL_PUEBLO NUEVO,10.123.5.88
634,A3322_LL_TAYABAMBA,10.123.1.216
635,A3325_LL_TINYABAMBA,10.123.18.88
636,A3327_LL_URPAYCITO,10.123.18.8
637,A3330_LL_HUANAPAMPA,10.123.18.24
638,A3333_LL_GOCHAPITA,10.123.8.104
639,A3341_LL_SANTA ROSA,10.123.19.200
640,A3342_LL_HUARICMARCA,10.123.18.40
641,A3346_LL_BULDIBUYO,10.123.3.200
642,A3347_LL_LA PACCHA,10.123.25.72
643,A3349_LL_AMAIRCA,10.123.18.72
644,A3353_LL_ARCAYPATA,10.123.1.232
645,A3354_LL_MOLLEPAMPA,10.123.8.136
646,A3357_LL_NUEVA ESPERANZA,10.123.22.168
647,A3364_LL_NUNAMARCA,10.123.1.248
648,A3366_LL_JUQUSBAMBA,10.123.18.168
649,A3372_LL_CARHUACOCHA,10.123.18.184
650,A3376_LL_CHICCHES,10.123.18.104
651,A3378_LL_CONCHAMARCA,10.123.8.152
652,A3380_LL_CHIGNOR,10.123.18.120
653,A3381_LL_HUANCASPATA,10.123.2.8
654,A3383_LL_AUSTRALIA,10.123.9.88
655,A3385_LL_CHOCOBAMBA,10.123.18.216
656,A3390_LL_PUEBLO LIBRE,10.123.8.184
657,A3394_LL_AUYACOTO,10.123.8.200
658,A3396_LL_SHIHUANTO,10.123.18.232
659,A3397_LL_PACOBAMBA,10.123.18.248
660,A3398_LL_HUAYLILLAS,10.123.4.184
661,A3399_LL_HUALLHUA,10.123.18.136
662,A3400_LL_ALIZAR,10.123.8.120
663,A3401_LL_HUAYO,10.123.2.24
664,A3405_LL_PAN DE AZUCAR,10.123.8.216
665,A3407_LL_RANGRACOTO,10.123.8.232
666,A3410_LL_PAUCARMARCA,10.123.19.8
667,A3411_LL_USCA,10.123.12.184
668,A3412_LL_AMANGAY,10.123.22.184
669,A3414_LL_PARCOY,10.123.4.56
670,A3415_LL_COLLONA,10.123.8.248
671,A3416_LL_BELLA AURORA,10.123.19.136
672,A3418_LL_CIRO ALEGRIA,10.123.19.24
673,A3420_LL_LA TRANCA,10.123.19.40
674,A3421_LL_UCHUCCHUAYO,10.123.9.8
675,A3422_LL_BUENA VISTA,10.123.19.56
676,A3424_LL_CURAUBAMBA,10.123.19.152
677,A3427_LL_PAMPA DEL ESPINO,10.123.9.56
678,A3430_LL_CABRILLAS,10.123.25.88
679,A3431_LL_LLACUABAMBA,10.123.19.168
680,A3435_LL_PATAZ,10.123.2.72
681,A3436_LL_VIJUS,10.123.20.120
682,A3439_LL_SUYUBAMBA,10.123.20.136
683,A3440_LL_PIAS,10.123.3.152
684,A3444_LL_CRUZ COLORADA,10.123.9.72
685,A3446_LL_QUICHIBAMBA,10.123.19.184
686,A3447_LL_CHALLAS,10.123.4.72
687,A3448_LL_HUANCHAY,10.123.9.104
688,A3450_LL_VILLA FLORIDA,10.123.19.216
689,A3451_LL_TAURIJA,10.123.4.88
690,A3453_LL_HUANCABAMBA,10.123.8.168
691,A3454_LL_PACOBAMBA,10.123.18.152
692,A3455_LL_UCHOS,10.123.19.232
693,A3456_LL_URPAY,10.123.2.40
694,A3459_LL_SAYRE NUEVO,10.123.14.88
695,A3463_LL_CARABAMBA,10.123.21.56
696,A3465_LL_VAQUERIA,10.123.10.168
697,A3467_LL_PALLAR ALTO,10.123.9.120
698,A3470_LL_PAYAMARCA,10.123.10.184
699,A3471_LL_LLAMPA,10.123.10.248
700,A3473_LL_YANAC,10.123.20.232
701,A3474_LL_YANASARA,10.123.10.200
702,A3476_LL_SANTA CRUZ,10.123.20.248
703,A3477_LL_CHOQUIZONGUILLO,10.123.21.8
704,A3480_LL_LA FLORIDA,10.123.21.136
705,A3483_LL_COIGOBAMBA ALTO,10.123.21.72
706,A3484_LL_OLICHOCO,10.123.25.104
707,A3486_LL_CHUGAY,10.123.2.56
708,A3487_LL_CUSIPAMPA,10.123.9.136
709,A3492_LL_PACCHITA,10.123.19.248
710,A3495_LL_MUSHIT,10.123.20.8
711,A3496_LL_LICAME,10.123.9.152
712,A3498_LL_MACULLIDA,10.123.24.40
713,A3500_LL_CHUGOLLPAQUE,10.123.20.24
714,A3505_LL_AHIJADERO,10.123.14.120
715,A3506_LL_URAYACU,10.123.20.40
716,A3508_LL_PAMPA DE LAS FLORES,10.123.12.216
717,A3510_LL_MARCAMACHAY,10.123.9.168
718,A3514_LL_HUAYCHO,10.123.19.72
719,A3515_LL_CAUCHARATAY,10.123.9.24
720,A3516_LL_LA VIŃA,10.123.19.88
721,A3517_LL_EL ALIZAR,10.123.19.104
722,A3520_LL_ARICAPAMPA,10.123.2.88
723,A3521_LL_ARAGOSTAY,10.123.10.24
724,A3523_LL_MOLINO VIEJO,10.123.24.56
725,A3524_LL_CHINACPAMPA,10.123.24.72
726,A3526_LL_CRUZ QUILDE,10.123.10.40
727,A3528_LL_HUAMANMARCA,10.123.10.56
728,A3529_LL_COCHORCO,10.123.13.248
729,A3530_LL_PAMPAMARCA,10.123.20.152
730,A3535_LL_CACHIMARCA,10.123.10.72
731,A3536_LL_SUCCHAMARCA,10.123.19.120
732,A3538_LL_PAUCAPAMPA,10.123.20.168
733,A3539_LL_VAQUERIA,10.123.9.40
734,A3541_LL_CURGOS,10.123.2.104
735,A3543_LL_HUAYLLAGUAL,10.123.24.232
736,A3545_LL_CALVARIO,10.123.20.184
737,A3550_LL_HUAMANZAŃA,10.123.10.104
738,A3551_LL_MARCABAL,10.123.2.120
739,A3552_LL_CASHUR ALTO,10.123.9.184
740,A3554_LL_SANTA ROSA DE CASHAHUATE,10.123.9.200
741,A3556_LL_LLUCHUBAMBA,10.123.9.216
742,A3557_LL_CHUYPAN,10.123.11.8
743,A3559_LL_LOCABAMBA,10.123.10.216
744,A3561_LL_SHITA,10.123.9.232
745,A3564_LL_PIEDRA GRANDE,10.123.20.56
746,A3565_LL_CHAQUILBAMBA,10.123.21.24
747,A3566_LL_RODEOPAMPA,10.123.9.248
748,A3568_LL_AGOCASH,10.123.10.232
749,A3569_LL_SAN FERNANDO,10.123.21.40
750,A3570_LL_SANAGORAN,10.123.2.136
751,A3571_LL_HUALASGOSDAY,10.123.11.24
752,A3572_LL_QUERQUERPAMPA,10.123.21.88
753,A3574_LL_ANGASMARQUILLA,10.123.11.40
754,A3575_LL_EL MARCO,10.123.21.152
755,A3576_LL_COIMACA,10.123.21.104
756,A3578_LL_CHUGURBAMBA,10.123.21.120
757,A3579_LL_VENTANAS,10.123.11.56
758,A3581_LL_24 DE JUNIO,10.123.11.72
759,A3584_LL_HUALANGOPAMPA,10.123.21.168
760,A3586_LL_LOS LOROS,10.123.11.88
761,A3588_LL_PEŃA COLORADA,10.123.11.104
762,A3589_LL_PAMPA VERDE,10.123.2.152
763,A3590_LL_CORRAL GRANDE,10.123.11.120
764,A3591_LL_CUSHURO,10.123.11.136
765,A3593_LL_MALCACHUGO,10.123.11.232
766,A3594_LL_RAUMATE,10.123.11.152
767,A3595_LL_SARIN,10.123.2.168
768,A3597_LL_SHUYUC,10.123.10.120
769,A3600_LL_ESCUGURCO,10.123.20.200
770,A3602_LL_YUMI YUMI,10.123.20.72
771,A3604_LL_MARAICITO,10.123.21.200
772,A3605_LL_SAN JUAN,10.123.11.184
773,A3606_LL_URUSPAMPA,10.123.10.136
774,A3608_LL_HUALAY,10.123.10.152
775,A3611_LL_LLANTEN,10.123.11.200
776,A3613_LL_COMOBARA,10.123.20.216
777,A3614_LL_MUNMALCA,10.123.21.216
778,A3618_LL_SARTIMBAMBA,10.123.2.184
779,A3619_LL_SAN MARTIN,10.123.5.40
780,A3620_LL_SAN ALFONSO,10.123.20.88
781,A3626_LL_MARCABAL GRANDE,10.123.10.8
782,A3628_LL_LA JALCA,10.123.21.232
783,A3629_LL_EL TORNO,10.123.10.88
784,A3632_LL_CACHIPAMPA,10.123.11.216
785,A3633_LL_POMABAMBA,10.123.21.248
786,A3638_LL_MUCHUCAYDA,10.123.22.104
787,A3640_LL_CHAMBUC,10.123.24.136
788,A3641_LL_AGUIŃUAY,10.123.22.120
789,A3642_LL_QUERQUERBALL,10.123.11.248
790,A3643_LL_SURUVARA,10.123.12.104
791,A3644_LL_PICHUNCHUCO,10.123.12.120
792,A3646_LL_HUARAN UNINGAMBAL ALTO,10.123.22.136
793,A3647_LL_EL ZURO,10.123.12.136
794,A3649_LL_RAYAMBARA,10.123.12.152
795,A3650_LL_CHUCUMARCA,10.123.22.152
796,A3652_LL_ANGASMARCA,10.123.3.168
797,A3653_LL_HUACASCORRAL,10.123.22.24
798,A3655_LL_LAS MANZANAS,10.123.22.40
799,A3656_LL_MULLIPAMPA,10.123.12.40
800,A3658_LL_CACHICADAN,10.123.2.200
801,A3659_LL_CANDOGURAN,10.123.11.168
802,A3660_LL_COŃACHUGO,10.123.22.8
803,A3661_LL_SAN MARTIN,10.123.12.88
804,A3663_LL_PACCHA,10.123.23.216
805,A3664_LL_MOLLEBAMBA,10.123.4.40
806,A3666_LL_NAMOBAL,10.123.12.8
807,A3667_LL_MOLLEPATA,10.123.2.232
808,A3668_LL_HUARANA,10.123.22.88
809,A3673_LL_SAN PEDRO,10.123.17.248
810,A3674_LL_EL SAUCO,10.123.21.184
811,A3675_LL_SAN JOSE DE PORCON,10.123.22.56
812,A3677_LL_SHOREY GRANDE,10.123.1.136
813,A3678_LL_ICHAL,10.123.23.232
814,A3679_LL_PALCO,10.123.14.8
815,A3680_LL_EL BADO,10.123.24.88
816,A3684_LL_LAS PAJILLAS,10.123.12.56
817,A3685_LL_EL HOSPITAL,10.123.24.104
818,A3687_LL_RETAMBO,10.123.14.24
819,A3690_LL_CHACOMAS,10.123.22.72
820,A3691_LL_CACHULLA BAJA,10.123.12.72
821,A3695_LL_SANTA CRUZ DE CHUCA,10.123.2.248
822,A3697_LL_CANDOGORCO,10.123.12.24
823,A3700_LL_CUSHIPE,10.123.12.168
824,A3702_LL_HUARACALDA,10.123.24.120
825,A3703_LL_SITABAMBA,10.123.3.8
826,A3709_LL_QUILLIS,10.123.12.200
827,A3710_LL_HUACABAMBA,10.123.22.200
828,A3711_LL_PIJOBAMBA,10.123.3.24
829,A3712_LL_LA UNION,10.123.22.216
830,A3715_LL_VILCABAMBA,10.123.22.232
831,A3718_LL_PUQUIO,10.123.22.248
832,A3720_LL_9 DE OCTUBRE,10.123.2.216
833,A3722_LL_JOLLUCO ALTO,10.123.23.8
834,A3723_LL_LUCMA,10.123.3.40
835,A3726_LL_PENINTAY,10.123.23.40
836,A3727_LL_HUACHACUAL,10.123.13.24
837,A3730_LL_SACAMACA,10.123.16.248
838,A3731_LL_RECUAYCITO,10.123.23.88
839,A3732_LL_EL HUAYO,10.123.17.8
840,A3734_LL_CHACAPUNTA,10.123.23.24
841,A3735_LL_COMPIN,10.123.3.56
842,A3736_LL_HUANCAY,10.123.12.232
843,A3737_LL_SAYAPULLO,10.123.4.120
844,A3738_LL_SUIT,10.123.23.104
845,A3740_LL_LAGUNAS,10.123.13.40
846,A3742_LL_EL PORVENIR,10.123.3.72
847,A3744_LL_LUCMACUCHO,10.123.13.56
848,A3745_LL_TOTORA,10.123.23.120
849,A3746_LL_PAUCO SECO,10.123.13.72
850,A3747_LL_MUNDO NUEVO,10.123.23.136
851,A3750_LL_TOMABAL,10.123.23.152
852,A3751_LL_VICTOR RAUL,10.123.13.88
853,A3752_LL_PUERTO MORIN,10.123.23.168
854,A3754_LL_PUENTE VIRU,10.123.3.88
855,A3756_LL_HUANCAQUITO ALTO,10.123.13.104
856,A3759_LL_SAN JOSE RURAL,10.123.13.120
857,A3760_LL_CHAO,10.123.3.104
858,A3761_LL_BUENA VISTA,10.123.13.152
859,A3762_LL_HUAMANZAŃA,10.123.23.184
860,A3763_LL_NUEVO CHAO,10.123.23.200
861,A3764_LL_GUADALUPITO,10.123.4.104
862,A3766_LL_Cosite0002-0025,10.123.15.56
863,A3767_LL_Cosite0005-0034,10.123.15.184
864,A3769_LL_Cosite0014-0021,10.123.13.168
865,A3771_LL_Cosite0019-0023,10.123.5.104
866,A3772_LL_Cosite0020-0026,10.123.6.40
867,A3773_LL_Cosite0024-0025,10.123.13.184
868,A3774_LL_Cosite0025-0027,10.123.18.200
869,A3775_LL_Cosite0027-0025,10.123.7.168
870,A3776_LL_Cosite0035-0027,10.123.14.168
871,A3777_LL_Cosite0043-0052,10.123.18.56
872,A3778_LL_Cosite_00130015,10.123.20.104
873,A3779_LL_Cosite0013_0023,10.123.7.216
874,A3780_LL_Cosite0042_0044,10.123.13.136
875,A3781_LL_CALIPUY,10.123.4.136
876,A3900_LL_CASHUR ALTO,10.123.25.8
877,A4003_SM_BARRIO NUEVO,10.133.8.147
878,A4004_SM_PRIMAVERA,10.133.4.115
879,A4005_SM_EL IMPERIO DE CACHIYACU,10.133.8.163
880,A4007_SM_GANIMIDES,10.133.9.67
881,A4009_SM_JOSE OLAYA,10.133.8.179
882,A4010_SM_HUASCAYACU,10.133.4.163
883,A4011_SM_HATUMPLAYA,10.133.4.179
884,A4012_SM_VALLE DE LA CONQUISTA,10.133.4.195
885,A4013_SM_NUEVO HUANCABAMBA,10.133.9.83
886,A4014_SM_PUEBLO LIBRE,10.133.4.211
887,A4015_SM_SHIMPIYACU,10.133.9.99
888,A4016_SM_MORROYACU,10.133.6.19
889,A4018_SM_MIRAFLORES DE ALTO MAYO,10.133.10.3
890,A4019_SM_PLAYA HERMOSA,10.133.6.35
891,A4020_SM_CONDOR,10.133.3.51
892,A4021_SM_EL ALAMO,10.133.6.51
893,A4022_SM_SUGLLAQUIRO,10.133.3.67
894,A4023_SM_QUILLOALLPA,10.133.6.67
895,A4024_SM_SANTA CATALINA,10.133.6.83
896,A4026_SM_NUEVA YORK,10.133.6.99
897,A4029_SM_SAN MATEO,10.133.9.147
898,A4030_SM_OCHAME,10.133.5.3
899,A4031_SM_EL LIMON,10.133.5.19
900,A4033_SM_EL GUINEAL,10.133.9.163
901,A4035_SM_ALTO RIOJA,10.133.5.35
902,A4037_SM_LIMABAMBA,10.133.9.179
903,A4038_SM_VILLA HERMOSA,10.133.9.195
904,A4039_SM_NUEVO HORIZONTE,10.133.9.211
905,A4042_SM_BUENOS AIRES,10.133.7.99
906,A4043_SM_LIMON,10.133.6.147
907,A4044_SM_CUZCO,10.133.10.19
908,A4046_SM_NUEVO LIMA,10.133.100.35
909,A4047_SM_NUEVO MUNDO,10.133.6.131
910,A4048_SM_LA UNION,10.133.6.3
911,A4049_SM_DOS UNIDOS,10.133.6.115
912,A4050_SM_SANTA ELENA,10.133.3.83
913,A4051_SM_LEDOY,10.133.100.51
914,A4052_SM_SAN PABLO,10.133.100.67
915,A4054_SM_FAUSA SAPINA,10.133.6.211
916,A4055_SM_SAN RAFAEL,10.133.100.83
917,A4058_SM_NUEVO BARRANQUITA,10.133.7.3
918,A4060_SM_LA FLORIDA,10.133.6.179
919,A4061_SM_ISHICHIHUI,10.133.3.163
920,A4062_SM_NUEVO HUANCABAMBA,10.133.3.99
921,A4063_SM_SAN JUAN DE MIRAFLORES,10.133.7.19
922,A4065_SM_MIRAFLORES NAUTA,10.133.6.227
923,A4067_SM_MARAY,10.133.3.179
924,A4068_SM_AGUA BLANCA,10.133.100.99
925,A4069_SM_SAN MARTIN,10.133.10.115
926,A4070_SM_MONTE LOS OLIVOS,10.133.7.35
927,A4071_SM_NUEVA ESPERANZA,10.133.7.51
928,A4072_SM_BUENA VISTA,10.133.3.115
929,A4073_SM_NUEVO PUCACACA,10.133.6.195
930,A4076_SM_BUENOS AIRES,10.133.6.243
931,A4077_SM_SANTA ROSA,10.133.100.131
932,A4078_SM_NUEVA TACABAMBA,10.133.3.131
933,A4080_SM_SAN JUAN DE TALLIQUIHUI,10.133.7.227
934,A4081_SM_SHATOJA,10.133.10.147
935,A4084_SM_PASARRAYA,10.133.100.163
936,A4085_SM_EL ESLABON,10.133.100.179
937,A4086_SM_LA COLLPA,10.133.7.83
938,A4087_SM_PISCOYACU,10.133.100.195
939,A4088_SM_SACANCHE,10.133.100.211
940,A4090_SM_PAMASHTO,10.133.7.115
941,A4091_SM_URCOPATA,10.133.3.227
942,A4092_SM_CHIRAPA,10.133.3.195
943,A4093_SM_SAN ANTONIO DEL RIO MAYO,10.133.7.131
944,A4097_SM_ALAN GARCIA,10.133.3.147
945,A4098_SM_NUEVO SAN IGNACIO,10.133.7.67
946,A4100_SM_BARRANQUITA,10.133.11.227
947,A4101_SM_SANTIAGO DE BORJA,10.133.7.147
948,A4102_SM_SANGAMAYOC,10.133.4.3
949,A4103_SM_PONGO DE CAYNARACHI,10.133.10.243
950,A4104_SM_ALIANZA,10.133.7.179
951,A4105_SM_EL NARAJAL,10.133.4.19
952,A4106_SM_SAN MIGUEL DE ACHINAMIZA,10.133.7.163
953,A4108_SM_CUŃUMBUQUI,10.133.1.3
954,A4109_SM_PUCACACA DEL RIO MAYO,10.133.7.195
955,A4110_SM_ALTO ANDINO,10.133.4.51
956,A4111_SM_LAS FLORES DE MAMONAQUIHUA,10.133.7.243
957,A4113_SM_MISHQUIYACU,10.133.3.243
958,A4115_SM_SAN ROQUE DE CUMBAZA,10.133.1.19
959,A4116_SM_AUCA LOMA,10.133.4.35
960,A4119_SM_ZAPATERO,10.133.1.35
961,A4120_SM_SANTA ANA DEL RIO MAYO,10.133.3.211
962,A4121_SM_VISTOSO GRANDE,10.133.7.211
963,A4122_SM_NUEVO MUNDO,10.133.8.3
964,A4123_SM_SANTA CRUZ DE SHITARIYACU,10.133.8.19
965,A4125_SM_PROGRESO,10.133.4.67
966,A4127_SM_LA VICTORIA,10.133.1.115
967,A4128_SM_VILLA PRADO,10.133.8.67
968,A4129_SM_CAMPANILLA,10.133.1.51
969,A4130_SM_BALSAYACU,10.133.8.35
970,A4131_SM_HUICUNGO,10.133.1.67
971,A4132_SM_PACHIZA,10.133.1.83
972,A4133_SM_ALTO EL SOL,10.133.8.51
973,A4134_SM_PAJARILLO,10.133.1.99
974,A4136_SM_SAN JOSE DE JUŃAO,10.133.8.83
975,A4139_SM_CASPISAPA,10.133.1.131
976,A4140_SM_PILLUANA,10.133.1.147
977,A4141_SM_MISHQUIYACU,10.133.8.99
978,A4143_SM_PUERTO RICO,10.133.1.163
979,A4146_SM_NUEVA ESPERANZA,10.133.6.163
980,A4147_SM_SHAMBOYACU,10.133.1.179
981,A4148_SM_SIMON BOLIVAR,10.133.4.99
982,A4149_SM_VISTA ALEGRE,10.133.8.115
983,A4150_SM_TINGO DE PONASA,10.133.1.195
984,A4151_SM_MARISCAL CASTILLA,10.133.8.131
985,A4153_SM_TRES UNIDOS,10.133.1.211
986,A4155_SM_BAJO NARANJILLO,10.133.1.227
987,A4156_SM_SAN FRANCISCO DEL ALTO MAYO (SAN FRANCISCO),10.133.4.131
988,A4157_SM_SECTOR RIO SORITOR,10.133.8.195
989,A4161_SM_PUERTO BAGAZAN,10.133.1.243
990,A4167_SM_SAN MIGUEL,10.133.8.211
991,A4169_SM_PERLA DE DAGUAS,10.133.4.243
992,A4170_SM_LA UNION,10.133.4.227
993,A4171_SM_PALESTINA,10.133.9.115
994,A4173_SM_LA FLORIDA,10.133.9.131
995,A4175_SM_NARANJOS,10.133.2.3
996,A4176_SM_AGUAS VERDES,10.133.9.19
997,A4178_SM_DOS DE MAYO,10.133.4.147
998,A4179_SM_AGUAS CLARAS,10.133.9.35
999,A4180_SM_SAN JUAN DEL MAYO,10.133.2.19
1000,A4181_SM_SANTA ROSA DEL MIRADOR,10.133.2.35
1001,A4183_SM_SANTA CRUZ,10.133.9.51
1002,A4184_SM_TUMBARO,10.133.8.243
1003,A4185_SM_VILLA RICA,10.133.9.3
1004,A4187_SM_SAN FERNANDO,10.133.2.51
1005,A4189_SM_YORONGOS,10.133.2.67
1006,A4192_SM_UTCURARCA,10.133.2.83
1007,A4194_SM_CHAZUTA,10.133.2.99
1008,A4196_SM_TUNUNTUNUMBA,10.133.9.227
1009,A4198_SM_AGUANOMUYUNA,10.133.9.243
1010,A4199_SM_NAVARRO,10.133.2.115
1011,A4200_SM_SAN PABLO DE TIPISHCA,10.133.5.51
1012,A4201_SM_YARINA,10.133.11.19
1013,A4203_SM_NUEVO SAN JUAN,10.133.2.163
1014,A4204_SM_HUIMBAYOC,10.133.2.131
1015,A4205_SM_MIRAFLORES,10.133.5.67
1016,A4206_SM_PUCALLPA,10.133.5.83
1017,A4207_SM_LECHE,10.133.5.99
1018,A4208_SM_SAN JOSE DE YANAYACU,10.133.10.35
1019,A4212_SM_PAPAPLAYA,10.133.2.147
1020,A4213_SM_SAN JUAN,10.133.10.51
1021,A4217_SM_SAUCE,10.133.2.179
1022,A4219_SM_SHAPAJA,10.133.2.195
1023,A4222_SM_TANANTA,10.133.5.115
1024,A4223_SM_NUEVO BAMBAMARCA,10.133.2.211
1025,A4225_SM_NUEVO SAN JUAN DE HUAYRANGA,10.133.10.179
1026,A4226_SM_NUEVA ESPERANZA,10.133.10.195
1027,A4227_SM_NUEVO PROGRESO,10.133.2.227
1028,A4228_SM_LAS PALMERAS,10.133.10.211
1029,A4229_SM_RIO UCHIZA,10.133.5.179
1030,A4230_SM_SANTA CRUZ,10.133.5.163
1031,A4231_SM_PUERTO RICO (YANAJANCA),10.133.10.131
1032,A4234_SM_PUERTO PISANA,10.133.2.243
1033,A4235_SM_SANTA ROSA DE MISHOLLO,10.133.100.147
1034,A4237_SM_CHALLUAYACU,10.133.10.67
1035,A4238_SM_CEDRO,10.133.10.83
1036,A4240_SM_NUEVO HORIZONTE,10.133.5.131
1037,A4241_SM_CAŃUTO,10.133.5.147
1038,A4242_SM_BELLO ORIENTE,10.133.10.99
1039,A4243_SM_MONTE CRISTO,10.133.3.3
1040,A4244_SM_UCHIZA,10.133.3.19
1041,A4245_SM_RAMAL DE CACHIYACU,10.133.5.195
1042,A4247_SM_SANTA ROSA DE SHAPAJA,10.133.5.211
1043,A4248_SM_SAN JUAN DE PORONGO,10.133.10.227
1044,A4249_SM_SANTA LUCIA,10.133.3.35
1045,A4250_SM_UNION CADENA,10.133.5.227
1046,A4251_SM_PUERTO HUICTE,10.133.100.243
1047,A4252_SM_JORGE CHAVEZ,10.133.5.243
1048,A4253_SM_CRUZ PAMPA,10.133.10.163
1049,A4255_SM_Cosite0004_0013,10.133.4.83
1050,A4256_SM_Cosite0005-0010,10.133.100.115
1051,A4257_SM_Cosite0014-0015,10.133.8.227
1052,A4258_SM_Cosite0017_0015,10.133.100.3
1053,T2004_AN_COCHABAMBA,10.101.1.50
1054,T2008_AN_COLCABAMBA,10.101.1.66
1055,T2009_AN_HUANCHAY (HUARAZ),10.101.1.82
1056,T2012_AN_CENTENARIO,10.101.1.98
1057,T2023_AN_JANGAS,10.101.1.114
1058,T2027_AN_CAJAMARQUILLA (HUARAZ),10.101.1.130
1059,T2029_AN_OLLEROS,10.101.1.146
1060,T2031_AN_PAMPAS GRANDE,10.101.1.162
1061,T2033_AN_PARIACOTO,10.101.1.178
1062,T2040_AN_PIRA,10.101.1.194
1063,T2045_AN_TARICA,10.101.1.210
1064,T2049_AN_AIJA,10.101.11.98
1065,T2050_AN_CORIS,10.101.1.226
1066,T2052_AN_HUACLLAN,10.101.1.242
1067,T2053_AN_LA MERCED,10.101.2.2
1068,T2055_AN_SUCCHA,10.101.2.18
1069,T2056_AN_LLAMELLIN,10.101.11.114
1070,T2058_AN_ACZO,10.101.2.34
1071,T2061_AN_CHACCHO,10.101.2.50
1072,T2062_AN_CHINGAS,10.101.2.66
1073,T2065_AN_MIRGAS,10.101.2.82
1074,T2071_AN_SAN JUAN DE RONTOY,10.101.2.98
1075,T2073_AN_CHACAS,10.101.11.130
1076,T2076_AN_ACOCHACA,10.101.2.114
1077,T2080_AN_CHIQUIAN,10.101.11.146
1078,T2082_AN_LLACLLA,10.101.2.130
1079,T2083_AN_RAQUIA,10.101.2.146
1080,T2085_AN_AQUIA,10.101.2.162
1081,T2086_AN_CAJACAY,10.101.2.178
1082,T2089_AN_CANIS,10.101.2.194
1083,T2090_AN_CHASQUITAMBO,10.101.2.210
1084,T2091_AN_HUALLANCA (CHIQUIAN),10.101.2.226
1085,T2092_AN_HUASTA,10.101.2.242
1086,T2094_AN_HUAYLLACAYAN,10.101.3.2
1087,T2095_AN_GORGORILLO,10.101.3.18
1088,T2096_AN_MANGAS,10.101.3.34
1089,T2097_AN_PACLLON,10.101.3.50
1090,T2098_AN_CORPANQUI,10.101.3.66
1091,T2099_AN_TICLLOS,10.101.3.82
1092,T2101_AN_CARHUAZ,10.101.11.162
1093,T2111_AN_ACOPAMPA,10.101.3.98
1094,T2113_AN_AMASHCA,10.101.3.114
1095,T2118_AN_MARCARA,10.101.3.146
1096,T2125_AN_PARIAHUANCA,10.101.3.162
1097,T2126_AN_ACO (SAN MIGUEL DE ACO),10.101.3.178
1098,T2130_AN_SHILLA,10.101.3.194
1099,T2131_AN_TINCO,10.101.3.210
1100,T2132_AN_YUNGAR,10.101.3.226
1101,T2136_AN_SAN LUIS,10.101.11.178
1102,T2147_AN_HUAMBACHO,10.101.3.130
1103,T2149_AN_SAN NICOLAS,10.101.3.242
1104,T2153_AN_YAUYA,10.101.4.2
1105,T2161_AN_CASMA,10.101.10.130
1106,T2163_AN_BUENA VISTA ALTA,10.101.4.18
1107,T2167_AN_PUERTO CASMA,10.101.4.34
1108,T2170_AN_YAUTAN,10.101.4.50
1109,T2175_AN_CORONGO,10.101.10.146
1110,T2176_AN_ACO (ACO),10.101.4.66
1111,T2177_AN_BAMBAS,10.101.4.82
1112,T2178_AN_CUSCA,10.101.4.98
1113,T2182_AN_LA PAMPA,10.101.4.114
1114,T2184_AN_YANAC,10.101.4.130
1115,T2186_AN_YUPAN,10.101.4.146
1116,T2187_AN_HUARI,10.101.10.162
1117,T2195_AN_ANRA,10.101.4.162
1118,T2197_AN_CAJAY,10.101.4.178
1119,T2200_AN_CHAVIN DE HUANTAR,10.101.4.194
1120,T2213_AN_HUACACHI,10.101.4.210
1121,T2218_AN_HUACCHIS,10.101.4.226
1122,T2221_AN_HUACHIS,10.101.4.242
1123,T2224_AN_HUANTAR,10.101.5.2
1124,T2227_AN_MASIN,10.101.5.18
1125,T2230_AN_PAUCAS,10.101.5.34
1126,T2232_AN_PONTO,10.101.5.50
1127,T2238_AN_RAHUAPAMPA,10.101.5.66
1128,T2239_AN_RAPAYAN,10.101.5.82
1129,T2242_AN_SAN MARCOS,10.101.5.98
1130,T2253_AN_CHANA,10.101.5.114
1131,T2255_AN_UCO,10.101.5.130
1132,T2258_AN_HUARMEY,10.101.10.178
1133,T2262_AN_COCHAPETI,10.101.5.146
1134,T2263_AN_LA CALETA CULEBRAS,10.101.5.162
1135,T2266_AN_HUAYAN,10.101.5.178
1136,T2268_AN_MALVAS,10.101.5.194
1137,T2269_AN_CARAZ,10.101.10.194
1138,T2280_AN_HUALLANCA (CARAZ),10.101.5.210
1139,T2282_AN_HUATA,10.101.5.226
1140,T2284_AN_HUAYLAS,10.101.5.242
1141,T2286_AN_SUCRE,10.101.6.2
1142,T2287_AN_PAMPAROMAS,10.101.6.18
1143,T2297_AN_SAN JUAN,10.101.6.34
1144,T2305_AN_HUARIPAMPA,10.101.6.50
1145,T2313_AN_SANTO TORIBIO,10.101.6.66
1146,T2315_AN_YURACMARCA,10.101.6.82
1147,T2317_AN_PISCOBAMBA,10.101.10.210
1148,T2319_AN_CASCA,10.101.6.98
1149,T2324_AN_PAMPACHACRA,10.101.6.114
1150,T2326_AN_SANACHGAN,10.101.6.130
1151,T2328_AN_LLAMA,10.101.6.146
1152,T2329_AN_LLUMPA,10.101.6.162
1153,T2339_AN_LUCMA,10.101.6.178
1154,T2344_AN_MUSGA,10.101.6.194
1155,T2346_AN_OCROS,10.101.10.226
1156,T2347_AN_ACAS,10.101.6.210
1157,T2348_AN_CAJAMARQUILLA (OCROS),10.101.6.226
1158,T2349_AN_ACO (CARHUANPA),10.101.6.242
1159,T2350_AN_HUANCHAY (OCROS),10.101.7.2
1160,T2351_AN_CONGAS,10.101.7.18
1161,T2352_AN_LLIPA,10.101.7.34
1162,T2353_AN_RAJAN,10.101.7.50
1163,T2354_AN_COPA,10.101.7.66
1164,T2355_AN_SANTIAGO DE CHILCAS,10.101.7.82
1165,T2356_AN_CABANA,10.101.10.242
1166,T2359_AN_BOLOGNESI,10.101.7.98
1167,T2361_AN_CONCHUCOS,10.101.7.114
1168,T2363_AN_HUACASCHUQUE,10.101.7.130
1169,T2364_AN_HUANDOVAL,10.101.7.146
1170,T2365_AN_LACABAMBA,10.101.7.162
1171,T2366_AN_LLAPO,10.101.7.178
1172,T2367_AN_PALLASCA,10.101.7.194
1173,T2369_AN_PAMPAS,10.101.7.210
1174,T2373_AN_SANTA ROSA,10.101.7.226
1175,T2375_AN_TAUCA,10.101.7.242
1176,T2380_AN_POMABAMBA,10.101.11.66
1177,T2385_AN_HUAYLLAN,10.101.8.2
1178,T2389_AN_PAROBAMBA,10.101.8.18
1179,T2397_AN_QUINUABAMBA,10.101.8.34
1180,T2400_AN_RECUAY,10.101.11.82
1181,T2402_AN_CATAC,10.101.8.50
1182,T2403_AN_COTAPARACO,10.101.8.66
1183,T2404_AN_HUAYLLAPAMPA,10.101.8.82
1184,T2405_AN_LLACLLIN,10.101.8.98
1185,T2406_AN_MARCA,10.101.8.114
1186,T2407_AN_PAMPAS CHICO,10.101.8.130
1187,T2410_AN_PARARIN,10.101.8.146
1188,T2411_AN_TAPACOCHA,10.101.8.162
1189,T2412_AN_TICAPAMPA,10.101.8.178
1190,T2413_AN_CHIMBOTE,10.101.1.2
1191,T2431_AN_JIMBE,10.101.8.194
1192,T2434_AN_COISHCO,10.101.8.210
1193,T2435_AN_MACATE,10.101.8.226
1194,T2436_AN_MORO,10.101.8.242
1195,T2441_AN_NEPEŃA,10.101.9.2
1196,T2447_AN_HUAMBACHO,10.101.3.130
1197,T2445_AN_SAMANCO,10.101.18.34
1198,T2450_AN_SANTA,10.101.9.18
1199,T2452_AN_BUENOS AIRES,10.101.9.34
1200,T2454_AN_SIHUAS,10.101.1.18
1201,T2458_AN_ACOBAMBA,10.101.9.50
1202,T2462_AN_ULLULLUCO,10.101.9.66
1203,T2465_AN_CHINGALPO,10.101.9.82
1204,T2466_AN_HUAYLLABAMBA,10.101.9.98
1205,T2474_AN_QUICHES,10.101.9.114
1206,T2478_AN_RAGASH,10.101.9.130
1207,T2480_AN_CHULLIN,10.101.9.146
1208,T2485_AN_UMBE,10.101.9.162
1209,T2488_AN_YUNGAY,10.101.1.34
1210,T2505_AN_CASCAPARA,10.101.9.178
1211,T2508_AN_MANCOS,10.101.9.194
1212,T2514_AN_MATACOTO,10.101.9.210
1213,T2515_AN_QUILLO,10.101.9.226
1214,T2525_AN_RANRAHIRCA,10.101.9.242
1215,T2527_AN_SHUPLUY,10.101.10.2
1216,T2528_AN_YANAMA,10.101.10.18
1217,T1002_AR_SELVA ALEGRE,10.111.5.18
1218,T1003_AR_CAYMA,10.111.1.66
1219,T1004_AR_LA LIBERTAD,10.111.3.2
1220,T1005_AR_CHARACATO,10.111.1.130
1221,T1006_AR_CHIGUATA,10.111.1.178
1222,T1010_AR_JACOBO HUNTER,10.111.2.194
1223,T1011_AR_LA JOYA,10.111.2.242
1224,T1027_AR_MARIANO MELGAR,10.111.3.146
1225,T1028_AR_MIRAFLORES,10.111.3.178
1226,T1029_AR_MOLLEBAYA,10.111.3.194
1227,T1031_AR_PAUCARPATA,10.111.4.18
1228,T1032_AR_POCSI,10.111.4.34
1229,T1035_AR_POLOBAYA GRANDE,10.111.4.50
1230,T1040_AR_QUEQUEŃA,10.111.4.98
1231,T1041_AR_SABANDIA,10.111.4.146
1232,T1043_AR_SACHACA,10.111.4.162
1233,T1044_AR_TAMBILLO,10.111.5.66
1234,T1045_AR_TARUCANI,10.111.5.98
1235,T1046_AR_SANTA ISABEL DE SIGUAS,10.111.4.226
1236,T1049_AR_SANTA RITA DE SIGUAS,10.111.4.242
1237,T1050_AR_SOCABAYA,10.111.5.50
1238,T1051_AR_TIABAYA,10.111.5.146
1239,T1053_AR_UCHUMAYO,10.111.6.2
1240,T1055_AR_VITOR,10.111.6.82
1241,T1061_AR_YANAHUARA,10.111.6.98
1242,T1062_AR_YARABAMBA,10.111.6.210
1243,T1064_AR_YURA,10.111.6.242
1244,T1065_AR_CONO NORTE,10.111.6.130
1245,T1068_AR_CIUDAD SATELITE,10.111.1.226
1246,T1069_AR_CAMANA,10.111.8.50
1247,T1070_AR_EL CARDO,10.111.2.34
1248,T1073_AR_URASQUI,10.111.6.34
1249,T1075_AR_SAN JOSE,10.111.4.210
1250,T1076_AR_PUCCHUN,10.111.6.194
1251,T1077_AR_SAN GREGORIO,10.111.4.194
1252,T1079_AR_OCOŃA,10.111.3.226
1253,T1085_AR_QUILCA,10.111.4.130
1254,T1086_AR_LA PAMPA,10.111.3.18
1255,T1090_AR_CARAVELI,10.111.8.66
1256,T1091_AR_ACARI,10.111.7.114
1257,T1097_AR_ATICO,10.111.7.210
1258,T1098_AR_LA FLORIDA,10.111.6.146
1259,T1099_AR_ATIQUIPA,10.111.7.226
1260,T1102_AR_BELLA UNION,10.111.8.2
1261,T1104_AR_CAHUACHO,10.111.1.2
1262,T1106_AR_CHALA,10.111.1.114
1263,T1107_AR_ACHANIZO,10.111.7.130
1264,T1109_AR_PUEBLO VIEJO (CHAPARRA),10.111.7.2
1265,T1111_AR_TOCOTA,10.111.5.194
1266,T1112_AR_MOLLEHUACA,10.111.6.162
1267,T1113_AR_JAQUI,10.111.2.210
1268,T1116_AR_LOMAS,10.111.3.66
1269,T1117_AR_QUICACHA,10.111.4.114
1270,T1120_AR_YAUCA,10.111.6.226
1271,T1121_AR_APLAO,10.111.8.34
1272,T1132_AR_ANDAGUA,10.111.7.178
1273,T1134_AR_AYO,10.111.7.242
1274,T1135_AR_CHACHAS,10.111.1.98
1275,T1138_AR_CHILCAYMARCA,10.111.1.194
1276,T1141_AR_CHOCO,10.111.1.210
1277,T1143_AR_HUANCARQUI,10.111.2.98
1278,T1144_AR_MACHAGUAY,10.111.3.114
1279,T1149_AR_ORCOPAMPA,10.111.3.242
1280,T1157_AR_PAMPACOLCA,10.111.4.2
1281,T1162_AR_TIPAN,10.111.5.162
1282,T1166_AR_UŃON,10.111.6.18
1283,T1168_AR_CORIRE,10.111.2.18
1284,T1177_AR_VIRACO,10.111.6.66
1285,T1184_AR_CHIVAY,10.111.7.82
1286,T1186_AR_ACHOMA,10.111.7.146
1287,T1187_AR_CABANACONDE,10.111.8.18
1288,T1189_AR_CALLALLI,10.111.1.18
1289,T1190_AR_CAYLLOMA,10.111.1.50
1290,T1191_AR_COPORAQUE,10.111.2.2
1291,T1192_AR_HUAMBO,10.111.2.66
1292,T1193_AR_HUANCA,10.111.2.82
1293,T1198_AR_ICHUPAMPA,10.111.2.114
1294,T1199_AR_LARI,10.111.3.34
1295,T1200_AR_LLUTA,10.111.3.50
1296,T1204_AR_MACA,10.111.3.82
1297,T1205_AR_MADRIGAL,10.111.3.130
1298,T1206_AR_IMATA,10.111.2.130
1299,T1207_AR_SIBAYO,10.111.5.34
1300,T1208_AR_TAPAY,10.111.5.82
1301,T1214_AR_TISCO,10.111.5.178
1302,T1215_AR_TUTI,10.111.5.242
1303,T1216_AR_YANQUE,10.111.6.178
1304,T1217_AR_EL PEDREGAL,10.111.2.50
1305,T1239_AR_CHUQUIBAMBA,10.111.7.98
1306,T1245_AR_ANDARAY,10.111.7.194
1307,T1248_AR_CAYARANI,10.111.1.34
1308,T1252_AR_CHICHAS,10.111.1.162
1309,T1256_AR_IRAY,10.111.2.162
1310,T1259_AR_IQUIPI,10.111.2.146
1311,T1260_AR_SAN JUAN DE CHORUNGA,10.111.7.18
1312,T1263_AR_SALAMANCA,10.111.4.178
1313,T1264_AR_YANAQUIHUA,10.111.6.114
1314,T1266_AR_MOLLENDO,10.111.3.98
1315,T1269_AR_COCACHACRA,10.111.1.242
1316,T1278_AR_LA CURVA,10.111.2.226
1317,T1281_AR_ISLAY (MATARANI),10.111.2.178
1318,T1282_AR_MEJIA,10.111.3.162
1319,T1283_AR_PUNTA DE BOMBON,10.111.4.66
1320,T1285_AR_COTAHUASI,10.111.1.82
1321,T1286_AR_ALCA,10.111.7.162
1322,T1287_AR_CHARCANA,10.111.1.146
1323,T1288_AR_TAURISMA,10.111.5.130
1324,T1289_AR_MUNGUI,10.111.3.210
1325,T1290_AR_PUYCA,10.111.4.82
1326,T1291_AR_VELINGA,10.111.6.50
1327,T1292_AR_SAYLA,10.111.5.2
1328,T1293_AR_TAURIA,10.111.5.114
1329,T1294_AR_TOMEPAMPA,10.111.5.210
1330,T1295_AR_TORO,10.111.5.226
1331,T3002_LL_EL PORVENIR,10.121.2.50
1332,T3003_LL_FLORENCIA DE MORA,10.121.2.66
1333,T3004_LL_HUANCHACO,10.121.2.130
1334,T3005_LL_LA ESPERANZA,10.121.2.242
1335,T3006_LL_LAREDO,10.121.3.2
1336,T3013_LL_MOCHE,10.121.3.98
1337,T3015_LL_POROTO,10.121.4.34
1338,T3016_LL_SALAVERRY,10.121.4.98
1339,T3017_LL_SIMBAL,10.121.4.242
1340,T3020_LL_BUENOS AIRES,10.121.1.66
1341,T3021_LL_ASCOPE,10.121.6.2
1342,T3022_LL_CHICAMA,10.121.1.210
1343,T3023_LL_CHOCOPE,10.121.1.242
1344,T3025_LL_MAGDALENA DE CAO,10.121.3.66
1345,T3026_LL_PAIJAN,10.121.3.210
1346,T3029_LL_PUERTO DE MALABRIGO,10.121.4.66
1347,T3031_LL_SANTIAGO DE CAO,10.121.4.178
1348,T3032_LL_CASA GRANDE,10.121.1.146
1349,T3037_LL_BOLIVAR,10.121.6.18
1350,T3038_LL_BAMBAMARCA,10.121.1.50
1351,T3041_LL_NUEVO CONDORMARCA,10.121.3.146
1352,T3042_LL_LONGOTEA,10.121.3.18
1353,T3046_LL_UCHUCMARCA,10.121.5.50
1354,T3052_LL_UCUNCHA,10.121.5.66
1355,T3053_LL_CHEPEN,10.121.6.50
1356,T3058_LL_PACANGA,10.121.3.178
1357,T3062_LL_PUEBLO NUEVO,10.121.4.50
1358,T3067_LL_JULCAN,10.121.6.82
1359,T3097_LL_CALAMARCA,10.121.1.114
1360,T3114_LL_CARABAMBA,10.121.1.130
1361,T3136_LL_HUASO,10.121.2.162
1362,T3156_LL_OTUZCO,10.121.6.98
1363,T3193_LL_AGALLPAMPA,10.121.1.2
1364,T3217_LL_CHARAT,10.121.1.194
1365,T3225_LL_HUARANCHAL,10.121.2.146
1366,T3235_LL_LA CUESTA,10.121.2.226
1367,T3237_LL_MACHE,10.121.3.50
1368,T3243_LL_PARANDAY,10.121.3.226
1369,T3245_LL_SALPO,10.121.4.114
1370,T3255_LL_SINSICAP,10.121.5.2
1371,T3260_LL_USQUIL,10.121.5.98
1372,T3310_LL_SAN PEDRO DE LLOC,10.121.6.114
1373,T3313_LL_GUADALUPE,10.121.2.82
1374,T3316_LL_JEQUETEPEQUE,10.121.2.210
1375,T3317_LL_PACASMAYO,10.121.3.194
1376,T3318_LL_SAN JOSE,10.121.4.130
1377,T3322_LL_TAYABAMBA,10.121.6.146
1378,T3346_LL_BULDIBUYO,10.121.1.82
1379,T3353_LL_ARCAYPATA,10.121.5.130
1380,T3356_LL_CHILLIA,10.121.1.226
1381,T3381_LL_HUANCASPATA,10.121.2.114
1382,T3398_LL_HUAYLILLAS,10.121.2.178
1383,T3401_LL_HUAYO,10.121.2.194
1384,T3414_LL_PARCOY,10.121.3.242
1385,T3435_LL_PATAZ,10.121.4.2
1386,T3440_LL_PIAS,10.121.4.18
1387,T3447_LL_CHALLAS,10.121.1.162
1388,T3451_LL_TAURIJA,10.121.5.34
1389,T3456_LL_URPAY,10.121.5.82
1390,T3461_LL_HUAMACHUCO,10.121.6.66
1391,T3486_LL_CHUGAY,10.121.2.2
1392,T3520_LL_ARICAPAMPA,10.121.1.34
1393,T3541_LL_CURGOS,10.121.2.34
1394,T3551_LL_MARCABAL,10.121.3.82
1395,T3570_LL_SANAGORAN,10.121.4.146
1396,T3589_LL_PAMPA VERDE,10.121.5.162
1397,T3595_LL_SARIN,10.121.4.194
1398,T3618_LL_SARTIMBAMBA,10.121.4.210
1399,T3635_LL_SANTIAGO DE CHUCO,10.121.6.130
1400,T3652_LL_ANGASMARCA,10.121.1.18
1401,T3658_LL_CACHICADAN,10.121.1.98
1402,T3664_LL_MOLLEBAMBA,10.121.3.114
1403,T3667_LL_MOLLEPATA,10.121.3.130
1404,T3670_LL_QUIRUVILCA,10.121.4.82
1405,T3695_LL_SANTA CRUZ DE CHUCA,10.121.4.162
1406,T3703_LL_SITABAMBA,10.121.5.18
1407,T3711_LL_PIJOBAMBA,10.121.5.178
1408,T3716_LL_CASCAS,10.121.6.34
1409,T3720_LL_9 DE OCTUBRE,10.121.5.114
1410,T3723_LL_LUCMA,10.121.3.34
1411,T3735_LL_COMPIN,10.121.2.18
1412,T3737_LL_SAYAPULLO,10.121.4.226
1413,T3742_LL_EL PORVENIR (SAYAPULLO),10.121.5.146
1414,T3749_LL_VIRU,10.121.5.210
1415,T3754_LL_PUENTE VIRU,10.121.5.194
1416,T3760_LL_CHAO,10.121.1.178
1417,T3764_LL_GUADALUPITO,10.121.2.98
1418,T3781_LL_CALIPUY,10.121.3.162
1419,T4027_SM_HABANA,10.131.1.178
1420,T4028_SM_JEPELACIO,10.131.1.226
1421,T4036_SM_SORITOR,10.131.4.114
1422,T4040_SM_YANTALO,10.131.4.210
1423,T4041_SM_BELLAVISTA,10.131.5.242
1424,T4044_SM_CUZCO,10.131.1.146
1425,T4046_SM_NUEVO LIMA,10.131.2.114
1426,T4051_SM_LEDOY,10.131.2.18
1427,T4052_SM_SAN PABLO,10.131.3.210
1428,T4055_SM_SAN RAFAEL,10.131.3.226
1429,T4057_SM_SAN JOSE DE SISA,10.131.5.178
1430,T4068_SM_AGUA BLANCA,10.131.1.2
1431,T4069_SM_SAN MARTIN,10.131.3.194
1432,T4077_SM_SANTA ROSA,10.131.4.2
1433,T4081_SM_SHATOJA,10.131.4.98
1434,T4083_SM_SAPOSOA,10.131.5.194
1435,T4084_SM_PASARRAYA,10.131.2.194
1436,T4085_SM_EL ESLABON,10.131.1.162
1437,T4087_SM_PISCOYACU,10.131.3.2
1438,T4088_SM_SACANCHE,10.131.3.130
1439,T4089_SM_LAMAS,10.131.6.18
1440,T4095_SM_ROQUE,10.131.3.98
1441,T4100_SM_BARRANQUITA,10.131.1.34
1442,T4103_SM_PONGO DE CAYNARACHI,10.131.3.34
1443,T4108_SM_CUŃUMBUQUI,10.131.1.130
1444,T4112_SM_PINTO RECODO,10.131.2.242
1445,T4114_SM_RUMISAPA,10.131.3.114
1446,T4115_SM_SAN ROQUE DE CUMBAZA,10.131.3.242
1447,T4117_SM_SHANAO,10.131.4.66
1448,T4118_SM_TABALOSOS,10.131.4.130
1449,T4119_SM_ZAPATERO,10.131.5.2
1450,T4126_SM_JUANJUI,10.131.6.2
1451,T4129_SM_CAMPANILLA,10.131.1.82
1452,T4131_SM_HUICUNGO,10.131.1.194
1453,T4132_SM_PACHIZA,10.131.2.146
1454,T4134_SM_PAJARILLO,10.131.2.162
1455,T4137_SM_PICOTA,10.131.5.146
1456,T4138_SM_BUENOS AIRES,10.131.1.50
1457,T4139_SM_CASPISAPA,10.131.1.98
1458,T4140_SM_PILLUANA,10.131.2.226
1459,T4142_SM_PUCACACA,10.131.3.66
1460,T4143_SM_PUERTO RICO,10.131.3.82
1461,T4144_SM_SAN CRISTOBAL DE SISA,10.131.3.162
1462,T4147_SM_SHAMBOYACU,10.131.4.50
1463,T4150_SM_TINGO DE PONASA,10.131.4.146
1464,T4153_SM_TRES UNIDOS,10.131.4.162
1465,T4154_SM_RIOJA,10.131.5.162
1466,T4155_SM_BAJO NARANJILLO,10.131.1.18
1467,T4160_SM_SEGUNDA JERUSALEN-AZUNGUILLO,10.131.4.34
1468,T4162_SM_NUEVA CAJAMARCA,10.131.2.98
1469,T4175_SM_NARANJOS,10.131.2.66
1470,T4180_SM_SAN JUAN DEL MAYO,10.131.5.50
1471,T4181_SM_SANTA ROSA DEL MIRADOR,10.131.5.82
1472,T4186_SM_POSIC,10.131.3.50
1473,T4187_SM_SAN FERNANDO,10.131.3.178
1474,T4189_SM_YORONGOS,10.131.4.226
1475,T4190_SM_YURACYACU,10.131.4.242
1476,T4191_SM_TARAPOTO,10.131.5.210
1477,T4192_SM_UTCURARCA,10.131.4.194
1478,T4193_SM_CACATACHI,10.131.1.66
1479,T4194_SM_CHAZUTA,10.131.1.114
1480,T4199_SM_NAVARRO,10.131.2.82
1481,T4202_SM_PELEJO,10.131.2.210
1482,T4204_SM_HUIMBAYOC,10.131.1.210
1483,T4209_SM_JUAN GUERRA,10.131.1.242
1484,T4210_SM_LA BANDA,10.131.2.2
1485,T4211_SM_MORALES,10.131.2.50
1486,T4212_SM_PAPAPLAYA,10.131.2.178
1487,T4216_SM_SAN ANTONIO,10.131.3.146
1488,T4217_SM_SAUCE,10.131.4.18
1489,T4219_SM_SHAPAJA,10.131.4.82
1490,T4220_SM_TOCACHE,10.131.5.226
1491,T4223_SM_NUEVO BAMBAMARCA,10.131.5.18
1492,T4227_SM_NUEVO PROGRESO,10.131.2.130
1493,T4232_SM_POLVORA,10.131.3.18
1494,T4234_SM_PUERTO PISANA,10.131.5.34
1495,T4243_SM_MONTE CRISTO,10.131.2.34
1496,T4244_SM_UCHIZA,10.131.4.178
1497,T4249_SM_SANTA LUCIA,10.131.5.66
