id,site,position,ip
1,T2004_AN_COCHABAMBA,prin,10.101.1.50
2,T2008_AN_COLCABAMBA,prin,10.101.1.66
3,T2009_AN_HUANCHAY (HUARAZ),prin,10.101.1.82
4,T2012_AN_CENTENARIO,prin,10.101.1.98
5,T2023_AN_JANGAS,prin,10.101.1.114
6,T2027_AN_CAJAMARQUILLA (HUARAZ),prin,10.101.1.130
7,T2029_AN_OLLEROS,prin,10.101.1.146
8,T2031_AN_PAMPAS GRANDE,prin,10.101.1.162
9,T2033_AN_PARIACOTO,prin,10.101.1.178
10,T2040_AN_PIRA,prin,10.101.1.194
11,T2045_AN_TARICA,prin,10.101.1.210
12,T2049_AN_AIJA,prin,10.101.11.98
13,T2050_AN_CORIS,prin,10.101.1.226
14,T2052_AN_HUACLLAN,prin,10.101.1.242
15,T2053_AN_LA MERCED,prin,10.101.2.2
16,T2055_AN_SUCCHA,prin,10.101.2.18
17,T2056_AN_LLAMELLIN,prin,10.101.11.114
18,T2058_AN_ACZO,prin,10.101.2.34
19,T2061_AN_CHACCHO,prin,10.101.2.50
20,T2062_AN_CHINGAS,prin,10.101.2.66
21,T2065_AN_MIRGAS,prin,10.101.2.82
22,T2071_AN_SAN JUAN DE RONTOY,prin,10.101.2.98
23,T2073_AN_CHACAS,prin,10.101.11.130
24,T2076_AN_ACOCHACA,prin,10.101.2.114
25,T2080_AN_CHIQUIAN,prin,10.101.11.146
26,T2082_AN_LLACLLA,prin,10.101.2.130
27,T2083_AN_RAQUIA,prin,10.101.2.146
28,T2085_AN_AQUIA,prin,10.101.2.162
29,T2086_AN_CAJACAY,prin,10.101.2.178
30,T2089_AN_CANIS,prin,10.101.2.194
31,T2090_AN_CHASQUITAMBO,prin,10.101.2.210
32,T2091_AN_HUALLANCA (CHIQUIAN),prin,10.101.2.226
33,T2092_AN_HUASTA,prin,10.101.2.242
34,T2094_AN_HUAYLLACAYAN,prin,10.101.3.2
35,T2095_AN_GORGORILLO,prin,10.101.3.18
36,T2096_AN_MANGAS,prin,10.101.3.34
37,T2097_AN_PACLLON,prin,10.101.3.50
38,T2098_AN_CORPANQUI,prin,10.101.3.66
39,T2099_AN_TICLLOS,prin,10.101.3.82
40,T2101_AN_CARHUAZ,prin,10.101.11.162
41,T2111_AN_ACOPAMPA,prin,10.101.3.98
42,T2113_AN_AMASHCA,prin,10.101.3.114
43,T2118_AN_MARCARA,prin,10.101.3.146
44,T2125_AN_PARIAHUANCA,prin,10.101.3.162
45,T2126_AN_ACO (SAN MIGUEL DE ACO),prin,10.101.3.178
46,T2130_AN_SHILLA,prin,10.101.3.194
47,T2131_AN_TINCO,prin,10.101.3.210
48,T2132_AN_YUNGAR,prin,10.101.3.226
49,T2136_AN_SAN LUIS,prin,10.101.11.178
50,T2147_AN_HUAMBACHO,prin,10.101.3.130
51,T2149_AN_SAN NICOLAS,prin,10.101.3.242
52,T2153_AN_YAUYA,prin,10.101.4.2
53,T2161_AN_CASMA,prin,10.101.10.130
54,T2163_AN_BUENA VISTA ALTA,prin,10.101.4.18
55,T2167_AN_PUERTO CASMA,prin,10.101.4.34
56,T2170_AN_YAUTAN,prin,10.101.4.50
57,T2175_AN_CORONGO,prin,10.101.10.146
58,T2176_AN_ACO (ACO),prin,10.101.4.66
59,T2177_AN_BAMBAS,prin,10.101.4.82
60,T2178_AN_CUSCA,prin,10.101.4.98
61,T2182_AN_LA PAMPA,prin,10.101.4.114
62,T2184_AN_YANAC,prin,10.101.4.130
63,T2186_AN_YUPAN,prin,10.101.4.146
64,T2187_AN_HUARI,prin,10.101.10.162
65,T2195_AN_ANRA,prin,10.101.4.162
66,T2197_AN_CAJAY,prin,10.101.4.178
67,T2200_AN_CHAVIN DE HUANTAR,prin,10.101.4.194
68,T2213_AN_HUACACHI,prin,10.101.4.210
69,T2218_AN_HUACCHIS,prin,10.101.4.226
70,T2221_AN_HUACHIS,prin,10.101.4.242
71,T2224_AN_HUANTAR,prin,10.101.5.2
72,T2227_AN_MASIN,prin,10.101.5.18
73,T2230_AN_PAUCAS,prin,10.101.5.34
74,T2232_AN_PONTO,prin,10.101.5.50
75,T2238_AN_RAHUAPAMPA,prin,10.101.5.66
76,T2239_AN_RAPAYAN,prin,10.101.5.82
77,T2242_AN_SAN MARCOS,prin,10.101.5.98
78,T2253_AN_CHANA,prin,10.101.5.114
79,T2255_AN_UCO,prin,10.101.5.130
80,T2258_AN_HUARMEY,prin,10.101.10.178
81,T2262_AN_COCHAPETI,prin,10.101.5.146
82,T2263_AN_LA CALETA CULEBRAS,prin,10.101.5.162
83,T2266_AN_HUAYAN,prin,10.101.5.178
84,T2268_AN_MALVAS,prin,10.101.5.194
85,T2269_AN_CARAZ,prin,10.101.10.194
86,T2280_AN_HUALLANCA (CARAZ),prin,10.101.5.210
87,T2282_AN_HUATA,prin,10.101.5.226
88,T2284_AN_HUAYLAS,prin,10.101.5.242
89,T2286_AN_SUCRE,prin,10.101.6.2
90,T2287_AN_PAMPAROMAS,prin,10.101.6.18
91,T2297_AN_SAN JUAN,prin,10.101.6.34
92,T2305_AN_HUARIPAMPA,prin,10.101.6.50
93,T2313_AN_SANTO TORIBIO,prin,10.101.6.66
94,T2315_AN_YURACMARCA,prin,10.101.6.82
95,T2317_AN_PISCOBAMBA,prin,10.101.10.210
96,T2319_AN_CASCA,prin,10.101.6.98
97,T2324_AN_PAMPACHACRA,prin,10.101.6.114
98,T2326_AN_SANACHGAN,prin,10.101.6.130
99,T2328_AN_LLAMA,prin,10.101.6.146
100,T2329_AN_LLUMPA,prin,10.101.6.162
101,T2339_AN_LUCMA,prin,10.101.6.178
102,T2344_AN_MUSGA,prin,10.101.6.194
103,T2346_AN_OCROS,prin,10.101.10.226
104,T2347_AN_ACAS,prin,10.101.6.210
105,T2348_AN_CAJAMARQUILLA (OCROS),prin,10.101.6.226
106,T2349_AN_ACO (CARHUANPA),prin,10.101.6.242
107,T2350_AN_HUANCHAY (OCROS),prin,10.101.7.2
108,T2351_AN_CONGAS,prin,10.101.7.18
109,T2352_AN_LLIPA,prin,10.101.7.34
110,T2353_AN_RAJAN,prin,10.101.7.50
111,T2354_AN_COPA,prin,10.101.7.66
112,T2355_AN_SANTIAGO DE CHILCAS,prin,10.101.7.82
113,T2356_AN_CABANA,prin,10.101.10.242
114,T2359_AN_BOLOGNESI,prin,10.101.7.98
115,T2361_AN_CONCHUCOS,prin,10.101.7.114
116,T2363_AN_HUACASCHUQUE,prin,10.101.7.130
117,T2364_AN_HUANDOVAL,prin,10.101.7.146
118,T2365_AN_LACABAMBA,prin,10.101.7.162
119,T2366_AN_LLAPO,prin,10.101.7.178
120,T2367_AN_PALLASCA,prin,10.101.7.194
121,T2369_AN_PAMPAS,prin,10.101.7.210
122,T2373_AN_SANTA ROSA,prin,10.101.7.226
123,T2375_AN_TAUCA,prin,10.101.7.242
124,T2380_AN_POMABAMBA,prin,10.101.11.66
125,T2385_AN_HUAYLLAN,prin,10.101.8.2
126,T2389_AN_PAROBAMBA,prin,10.101.8.18
127,T2397_AN_QUINUABAMBA,prin,10.101.8.34
128,T2400_AN_RECUAY,prin,10.101.11.82
129,T2402_AN_CATAC,prin,10.101.8.50
130,T2403_AN_COTAPARACO,prin,10.101.8.66
131,T2404_AN_HUAYLLAPAMPA,prin,10.101.8.82
132,T2405_AN_LLACLLIN,prin,10.101.8.98
133,T2406_AN_MARCA,prin,10.101.8.114
134,T2407_AN_PAMPAS CHICO,prin,10.101.8.130
135,T2410_AN_PARARIN,prin,10.101.8.146
136,T2411_AN_TAPACOCHA,prin,10.101.8.162
137,T2412_AN_TICAPAMPA,prin,10.101.8.178
138,T2413_AN_CHIMBOTE,prin,10.101.1.2
139,T2431_AN_JIMBE,prin,10.101.8.194
140,T2434_AN_COISHCO,prin,10.101.8.210
141,T2435_AN_MACATE,prin,10.101.8.226
142,T2436_AN_MORO,prin,10.101.8.242
143,T2441_AN_NEPEÑA,prin,10.101.9.2
144,T2447_AN_HUAMBACHO,prin,10.101.3.130
145,T2445_AN_SAMANCO,prin,10.101.18.34
146,T2450_AN_SANTA,prin,10.101.9.18
147,T2452_AN_BUENOS AIRES,prin,10.101.9.34
148,T2454_AN_SIHUAS,prin,10.101.1.18
149,T2458_AN_ACOBAMBA,prin,10.101.9.50
150,T2462_AN_ULLULLUCO,prin,10.101.9.66
151,T2465_AN_CHINGALPO,prin,10.101.9.82
152,T2466_AN_HUAYLLABAMBA,prin,10.101.9.98
153,T2474_AN_QUICHES,prin,10.101.9.114
154,T2478_AN_RAGASH,prin,10.101.9.130
155,T2480_AN_CHULLIN,prin,10.101.9.146
156,T2485_AN_UMBE,prin,10.101.9.162
157,T2488_AN_YUNGAY,prin,10.101.1.34
158,T2505_AN_CASCAPARA,prin,10.101.9.178
159,T2508_AN_MANCOS,prin,10.101.9.194
160,T2514_AN_MATACOTO,prin,10.101.9.210
161,T2515_AN_QUILLO,prin,10.101.9.226
162,T2525_AN_RANRAHIRCA,prin,10.101.9.242
163,T2527_AN_SHUPLUY,prin,10.101.10.2
164,T2528_AN_YANAMA,prin,10.101.10.18
165,T1002_AR_SELVA ALEGRE,prin,10.111.5.18
166,T1003_AR_CAYMA,prin,10.111.1.66
167,T1004_AR_LA LIBERTAD,prin,10.111.3.2
168,T1005_AR_CHARACATO,prin,10.111.1.130
169,T1006_AR_CHIGUATA,prin,10.111.1.178
170,T1010_AR_JACOBO HUNTER,prin,10.111.2.194
171,T1011_AR_LA JOYA,prin,10.111.2.242
172,T1027_AR_MARIANO MELGAR,prin,10.111.3.146
173,T1028_AR_MIRAFLORES,prin,10.111.3.178
174,T1029_AR_MOLLEBAYA,prin,10.111.3.194
175,T1031_AR_PAUCARPATA,prin,10.111.4.18
176,T1032_AR_POCSI,prin,10.111.4.34
177,T1035_AR_POLOBAYA GRANDE,prin,10.111.4.50
178,T1040_AR_QUEQUEÑA,prin,10.111.4.98
179,T1041_AR_SABANDIA,prin,10.111.4.146
180,T1043_AR_SACHACA,prin,10.111.4.162
181,T1044_AR_TAMBILLO,prin,10.111.5.66
182,T1045_AR_TARUCANI,prin,10.111.5.98
183,T1046_AR_SANTA ISABEL DE SIGUAS,prin,10.111.4.226
184,T1049_AR_SANTA RITA DE SIGUAS,prin,10.111.4.242
185,T1050_AR_SOCABAYA,prin,10.111.5.50
186,T1051_AR_TIABAYA,prin,10.111.5.146
187,T1053_AR_UCHUMAYO,prin,10.111.6.2
188,T1055_AR_VITOR,prin,10.111.6.82
189,T1061_AR_YANAHUARA,prin,10.111.6.98
190,T1062_AR_YARABAMBA,prin,10.111.6.210
191,T1064_AR_YURA,prin,10.111.6.242
192,T1065_AR_CONO NORTE,prin,10.111.6.130
193,T1068_AR_CIUDAD SATELITE,prin,10.111.1.226
194,T1069_AR_CAMANA,prin,10.111.8.50
195,T1070_AR_EL CARDO,prin,10.111.2.34
196,T1073_AR_URASQUI,prin,10.111.6.34
197,T1075_AR_SAN JOSE,prin,10.111.4.210
198,T1076_AR_PUCCHUN,prin,10.111.6.194
199,T1077_AR_SAN GREGORIO,prin,10.111.4.194
200,T1079_AR_OCOÑA,prin,10.111.3.226
201,T1085_AR_QUILCA,prin,10.111.4.130
202,T1086_AR_LA PAMPA,prin,10.111.3.18
203,T1090_AR_CARAVELI,prin,10.111.8.66
204,T1091_AR_ACARI,prin,10.111.7.114
205,T1097_AR_ATICO,prin,10.111.7.210
206,T1098_AR_LA FLORIDA,prin,10.111.6.146
207,T1099_AR_ATIQUIPA,prin,10.111.7.226
208,T1102_AR_BELLA UNION,prin,10.111.8.2
209,T1104_AR_CAHUACHO,prin,10.111.1.2
210,T1106_AR_CHALA,prin,10.111.1.114
211,T1107_AR_ACHANIZO,prin,10.111.7.130
212,T1109_AR_PUEBLO VIEJO (CHAPARRA),prin,10.111.7.2
213,T1111_AR_TOCOTA,prin,10.111.5.194
214,T1112_AR_MOLLEHUACA,prin,10.111.6.162
215,T1113_AR_JAQUI,prin,10.111.2.210
216,T1116_AR_LOMAS,prin,10.111.3.66
217,T1117_AR_QUICACHA,prin,10.111.4.114
218,T1120_AR_YAUCA,prin,10.111.6.226
219,T1121_AR_APLAO,prin,10.111.8.34
220,T1132_AR_ANDAGUA,prin,10.111.7.178
221,T1134_AR_AYO,prin,10.111.7.242
222,T1135_AR_CHACHAS,prin,10.111.1.98
223,T1138_AR_CHILCAYMARCA,prin,10.111.1.194
224,T1141_AR_CHOCO,prin,10.111.1.210
225,T1143_AR_HUANCARQUI,prin,10.111.2.98
226,T1144_AR_MACHAGUAY,prin,10.111.3.114
227,T1149_AR_ORCOPAMPA,prin,10.111.3.242
228,T1157_AR_PAMPACOLCA,prin,10.111.4.2
229,T1162_AR_TIPAN,prin,10.111.5.162
230,T1166_AR_UÑON,prin,10.111.6.18
231,T1168_AR_CORIRE,prin,10.111.2.18
232,T1177_AR_VIRACO,prin,10.111.6.66
233,T1184_AR_CHIVAY,prin,10.111.7.82
234,T1186_AR_ACHOMA,prin,10.111.7.146
235,T1187_AR_CABANACONDE,prin,10.111.8.18
236,T1189_AR_CALLALLI,prin,10.111.1.18
237,T1190_AR_CAYLLOMA,prin,10.111.1.50
238,T1191_AR_COPORAQUE,prin,10.111.2.2
239,T1192_AR_HUAMBO,prin,10.111.2.66
240,T1193_AR_HUANCA,prin,10.111.2.82
241,T1198_AR_ICHUPAMPA,prin,10.111.2.114
242,T1199_AR_LARI,prin,10.111.3.34
243,T1200_AR_LLUTA,prin,10.111.3.50
244,T1204_AR_MACA,prin,10.111.3.82
245,T1205_AR_MADRIGAL,prin,10.111.3.130
246,T1206_AR_IMATA,prin,10.111.2.130
247,T1207_AR_SIBAYO,prin,10.111.5.34
248,T1208_AR_TAPAY,prin,10.111.5.82
249,T1214_AR_TISCO,prin,10.111.5.178
250,T1215_AR_TUTI,prin,10.111.5.242
251,T1216_AR_YANQUE,prin,10.111.6.178
252,T1217_AR_EL PEDREGAL,prin,10.111.2.50
253,T1239_AR_CHUQUIBAMBA,prin,10.111.7.98
254,T1245_AR_ANDARAY,prin,10.111.7.194
255,T1248_AR_CAYARANI,prin,10.111.1.34
256,T1252_AR_CHICHAS,prin,10.111.1.162
257,T1256_AR_IRAY,prin,10.111.2.162
258,T1259_AR_IQUIPI,prin,10.111.2.146
259,T1260_AR_SAN JUAN DE CHORUNGA,prin,10.111.7.18
260,T1263_AR_SALAMANCA,prin,10.111.4.178
261,T1264_AR_YANAQUIHUA,prin,10.111.6.114
262,T1266_AR_MOLLENDO,prin,10.111.3.98
263,T1269_AR_COCACHACRA,prin,10.111.1.242
264,T1278_AR_LA CURVA,prin,10.111.2.226
265,T1281_AR_ISLAY (MATARANI),prin,10.111.2.178
266,T1282_AR_MEJIA,prin,10.111.3.162
267,T1283_AR_PUNTA DE BOMBON,prin,10.111.4.66
268,T1285_AR_COTAHUASI,prin,10.111.1.82
269,T1286_AR_ALCA,prin,10.111.7.162
270,T1287_AR_CHARCANA,prin,10.111.1.146
271,T1288_AR_TAURISMA,prin,10.111.5.130
272,T1289_AR_MUNGUI,prin,10.111.3.210
273,T1290_AR_PUYCA,prin,10.111.4.82
274,T1291_AR_VELINGA,prin,10.111.6.50
275,T1292_AR_SAYLA,prin,10.111.5.2
276,T1293_AR_TAURIA,prin,10.111.5.114
277,T1294_AR_TOMEPAMPA,prin,10.111.5.210
278,T1295_AR_TORO,prin,10.111.5.226
279,T3002_LL_EL PORVENIR,prin,10.121.2.50
280,T3003_LL_FLORENCIA DE MORA,prin,10.121.2.66
281,T3004_LL_HUANCHACO,prin,10.121.2.130
282,T3005_LL_LA ESPERANZA,prin,10.121.2.242
283,T3006_LL_LAREDO,prin,10.121.3.2
284,T3013_LL_MOCHE,prin,10.121.3.98
285,T3015_LL_POROTO,prin,10.121.4.34
286,T3016_LL_SALAVERRY,prin,10.121.4.98
287,T3017_LL_SIMBAL,prin,10.121.4.242
288,T3020_LL_BUENOS AIRES,prin,10.121.1.66
289,T3021_LL_ASCOPE,prin,10.121.6.2
290,T3022_LL_CHICAMA,prin,10.121.1.210
291,T3023_LL_CHOCOPE,prin,10.121.1.242
292,T3025_LL_MAGDALENA DE CAO,prin,10.121.3.66
293,T3026_LL_PAIJAN,prin,10.121.3.210
294,T3029_LL_PUERTO DE MALABRIGO,prin,10.121.4.66
295,T3031_LL_SANTIAGO DE CAO,prin,10.121.4.178
296,T3032_LL_CASA GRANDE,prin,10.121.1.146
297,T3037_LL_BOLIVAR,prin,10.121.6.18
298,T3038_LL_BAMBAMARCA,prin,10.121.1.50
299,T3041_LL_NUEVO CONDORMARCA,prin,10.121.3.146
300,T3042_LL_LONGOTEA,prin,10.121.3.18
301,T3046_LL_UCHUCMARCA,prin,10.121.5.50
302,T3052_LL_UCUNCHA,prin,10.121.5.66
303,T3053_LL_CHEPEN,prin,10.121.6.50
304,T3058_LL_PACANGA,prin,10.121.3.178
305,T3062_LL_PUEBLO NUEVO,prin,10.121.4.50
306,T3067_LL_JULCAN,prin,10.121.6.82
307,T3097_LL_CALAMARCA,prin,10.121.1.114
308,T3114_LL_CARABAMBA,prin,10.121.1.130
309,T3136_LL_HUASO,prin,10.121.2.162
310,T3156_LL_OTUZCO,prin,10.121.6.98
311,T3193_LL_AGALLPAMPA,prin,10.121.1.2
312,T3217_LL_CHARAT,prin,10.121.1.194
313,T3225_LL_HUARANCHAL,prin,10.121.2.146
314,T3235_LL_LA CUESTA,prin,10.121.2.226
315,T3237_LL_MACHE,prin,10.121.3.50
316,T3243_LL_PARANDAY,prin,10.121.3.226
317,T3245_LL_SALPO,prin,10.121.4.114
318,T3255_LL_SINSICAP,prin,10.121.5.2
319,T3260_LL_USQUIL,prin,10.121.5.98
320,T3310_LL_SAN PEDRO DE LLOC,prin,10.121.6.114
321,T3313_LL_GUADALUPE,prin,10.121.2.82
322,T3316_LL_JEQUETEPEQUE,prin,10.121.2.210
323,T3317_LL_PACASMAYO,prin,10.121.3.194
324,T3318_LL_SAN JOSE,prin,10.121.4.130
325,T3322_LL_TAYABAMBA,prin,10.121.6.146
326,T3346_LL_BULDIBUYO,prin,10.121.1.82
327,T3353_LL_ARCAYPATA,prin,10.121.5.130
328,T3356_LL_CHILLIA,prin,10.121.1.226
329,T3381_LL_HUANCASPATA,prin,10.121.2.114
330,T3398_LL_HUAYLILLAS,prin,10.121.2.178
331,T3401_LL_HUAYO,prin,10.121.2.194
332,T3414_LL_PARCOY,prin,10.121.3.242
333,T3435_LL_PATAZ,prin,10.121.4.2
334,T3440_LL_PIAS,prin,10.121.4.18
335,T3447_LL_CHALLAS,prin,10.121.1.162
336,T3451_LL_TAURIJA,prin,10.121.5.34
337,T3456_LL_URPAY,prin,10.121.5.82
338,T3461_LL_HUAMACHUCO,prin,10.121.6.66
339,T3486_LL_CHUGAY,prin,10.121.2.2
340,T3520_LL_ARICAPAMPA,prin,10.121.1.34
341,T3541_LL_CURGOS,prin,10.121.2.34
342,T3551_LL_MARCABAL,prin,10.121.3.82
343,T3570_LL_SANAGORAN,prin,10.121.4.146
344,T3589_LL_PAMPA VERDE,prin,10.121.5.162
345,T3595_LL_SARIN,prin,10.121.4.194
346,T3618_LL_SARTIMBAMBA,prin,10.121.4.210
347,T3635_LL_SANTIAGO DE CHUCO,prin,10.121.6.130
348,T3652_LL_ANGASMARCA,prin,10.121.1.18
349,T3658_LL_CACHICADAN,prin,10.121.1.98
350,T3664_LL_MOLLEBAMBA,prin,10.121.3.114
351,T3667_LL_MOLLEPATA,prin,10.121.3.130
352,T3670_LL_QUIRUVILCA,prin,10.121.4.82
353,T3695_LL_SANTA CRUZ DE CHUCA,prin,10.121.4.162
354,T3703_LL_SITABAMBA,prin,10.121.5.18
355,T3711_LL_PIJOBAMBA,prin,10.121.5.178
356,T3716_LL_CASCAS,prin,10.121.6.34
357,T3720_LL_9 DE OCTUBRE,prin,10.121.5.114
358,T3723_LL_LUCMA,prin,10.121.3.34
359,T3735_LL_COMPIN,prin,10.121.2.18
360,T3737_LL_SAYAPULLO,prin,10.121.4.226
361,T3742_LL_EL PORVENIR (SAYAPULLO),prin,10.121.5.146
362,T3749_LL_VIRU,prin,10.121.5.210
363,T3754_LL_PUENTE VIRU,prin,10.121.5.194
364,T3760_LL_CHAO,prin,10.121.1.178
365,T3764_LL_GUADALUPITO,prin,10.121.2.98
366,T3781_LL_CALIPUY,prin,10.121.3.162
367,T4027_SM_HABANA,prin,10.131.1.178
368,T4028_SM_JEPELACIO,prin,10.131.1.226
369,T4036_SM_SORITOR,prin,10.131.4.114
370,T4040_SM_YANTALO,prin,10.131.4.210
371,T4041_SM_BELLAVISTA,prin,10.131.5.242
372,T4044_SM_CUZCO,prin,10.131.1.146
373,T4046_SM_NUEVO LIMA,prin,10.131.2.114
374,T4051_SM_LEDOY,prin,10.131.2.18
375,T4052_SM_SAN PABLO,prin,10.131.3.210
376,T4055_SM_SAN RAFAEL,prin,10.131.3.226
377,T4057_SM_SAN JOSE DE SISA,prin,10.131.5.178
378,T4068_SM_AGUA BLANCA,prin,10.131.1.2
379,T4069_SM_SAN MARTIN,prin,10.131.3.194
380,T4077_SM_SANTA ROSA,prin,10.131.4.2
381,T4081_SM_SHATOJA,prin,10.131.4.98
382,T4083_SM_SAPOSOA,prin,10.131.5.194
383,T4084_SM_PASARRAYA,prin,10.131.2.194
384,T4085_SM_EL ESLABON,prin,10.131.1.162
385,T4087_SM_PISCOYACU,prin,10.131.3.2
386,T4088_SM_SACANCHE,prin,10.131.3.130
387,T4089_SM_LAMAS,prin,10.131.6.18
388,T4095_SM_ROQUE,prin,10.131.3.98
389,T4100_SM_BARRANQUITA,prin,10.131.1.34
390,T4103_SM_PONGO DE CAYNARACHI,prin,10.131.3.34
391,T4108_SM_CUÑUMBUQUI,prin,10.131.1.130
392,T4112_SM_PINTO RECODO,prin,10.131.2.242
393,T4114_SM_RUMISAPA,prin,10.131.3.114
394,T4115_SM_SAN ROQUE DE CUMBAZA,prin,10.131.3.242
395,T4117_SM_SHANAO,prin,10.131.4.66
396,T4118_SM_TABALOSOS,prin,10.131.4.130
397,T4119_SM_ZAPATERO,prin,10.131.5.2
398,T4126_SM_JUANJUI,prin,10.131.6.2
399,T4129_SM_CAMPANILLA,prin,10.131.1.82
400,T4131_SM_HUICUNGO,prin,10.131.1.194
401,T4132_SM_PACHIZA,prin,10.131.2.146
402,T4134_SM_PAJARILLO,prin,10.131.2.162
403,T4137_SM_PICOTA,prin,10.131.5.146
404,T4138_SM_BUENOS AIRES,prin,10.131.1.50
405,T4139_SM_CASPISAPA,prin,10.131.1.98
406,T4140_SM_PILLUANA,prin,10.131.2.226
407,T4142_SM_PUCACACA,prin,10.131.3.66
408,T4143_SM_PUERTO RICO,prin,10.131.3.82
409,T4144_SM_SAN CRISTOBAL DE SISA,prin,10.131.3.162
410,T4147_SM_SHAMBOYACU,prin,10.131.4.50
411,T4150_SM_TINGO DE PONASA,prin,10.131.4.146
412,T4153_SM_TRES UNIDOS,prin,10.131.4.162
413,T4154_SM_RIOJA,prin,10.131.5.162
414,T4155_SM_BAJO NARANJILLO,prin,10.131.1.18
415,T4160_SM_SEGUNDA JERUSALEN-AZUNGUILLO,prin,10.131.4.34
416,T4162_SM_NUEVA CAJAMARCA,prin,10.131.2.98
417,T4175_SM_NARANJOS,prin,10.131.2.66
418,T4180_SM_SAN JUAN DEL MAYO,prin,10.131.5.50
419,T4181_SM_SANTA ROSA DEL MIRADOR,prin,10.131.5.82
420,T4186_SM_POSIC,prin,10.131.3.50
421,T4187_SM_SAN FERNANDO,prin,10.131.3.178
422,T4189_SM_YORONGOS,prin,10.131.4.226
423,T4190_SM_YURACYACU,prin,10.131.4.242
424,T4191_SM_TARAPOTO,prin,10.131.5.210
425,T4192_SM_UTCURARCA,prin,10.131.4.194
426,T4193_SM_CACATACHI,prin,10.131.1.66
427,T4194_SM_CHAZUTA,prin,10.131.1.114
428,T4199_SM_NAVARRO,prin,10.131.2.82
429,T4202_SM_PELEJO,prin,10.131.2.210
430,T4204_SM_HUIMBAYOC,prin,10.131.1.210
431,T4209_SM_JUAN GUERRA,prin,10.131.1.242
432,T4210_SM_LA BANDA,prin,10.131.2.2
433,T4211_SM_MORALES,prin,10.131.2.50
434,T4212_SM_PAPAPLAYA,prin,10.131.2.178
435,T4216_SM_SAN ANTONIO,prin,10.131.3.146
436,T4217_SM_SAUCE,prin,10.131.4.18
437,T4219_SM_SHAPAJA,prin,10.131.4.82
438,T4220_SM_TOCACHE,prin,10.131.5.226
439,T4223_SM_NUEVO BAMBAMARCA,prin,10.131.5.18
440,T4227_SM_NUEVO PROGRESO,prin,10.131.2.130
441,T4232_SM_POLVORA,prin,10.131.3.18
442,T4234_SM_PUERTO PISANA,prin,10.131.5.34
443,T4243_SM_MONTE CRISTO,prin,10.131.2.34
444,T4244_SM_UCHIZA,prin,10.131.4.178
445,T4249_SM_SANTA LUCIA,prin,10.131.5.66
446,T2004_AN_COCHABAMBA,patio,10.101.1.53
447,T2008_AN_COLCABAMBA,patio,10.101.1.69
448,T2009_AN_HUANCHAY (HUARAZ),patio,10.101.1.85
449,T2012_AN_CENTENARIO,patio,10.101.1.101
450,T2023_AN_JANGAS,patio,10.101.1.117
451,T2027_AN_CAJAMARQUILLA (HUARAZ),patio,10.101.1.133
452,T2029_AN_OLLEROS,patio,10.101.1.149
453,T2031_AN_PAMPAS GRANDE,patio,10.101.1.165
454,T2033_AN_PARIACOTO,patio,10.101.1.181
455,T2040_AN_PIRA,patio,10.101.1.197
456,T2045_AN_TARICA,patio,10.101.1.213
457,T2049_AN_AIJA,patio,10.101.11.101
458,T2050_AN_CORIS,patio,10.101.1.229
459,T2052_AN_HUACLLAN,patio,10.101.1.245
460,T2053_AN_LA MERCED,patio,10.101.2.5
461,T2055_AN_SUCCHA,patio,10.101.2.21
462,T2056_AN_LLAMELLIN,patio,10.101.11.117
463,T2058_AN_ACZO,patio,10.101.2.37
464,T2061_AN_CHACCHO,patio,10.101.2.53
465,T2062_AN_CHINGAS,patio,10.101.2.69
466,T2065_AN_MIRGAS,patio,10.101.2.85
467,T2071_AN_SAN JUAN DE RONTOY,patio,10.101.2.101
468,T2073_AN_CHACAS,patio,10.101.11.133
469,T2076_AN_ACOCHACA,patio,10.101.2.117
470,T2080_AN_CHIQUIAN,patio,10.101.11.149
471,T2082_AN_LLACLLA,patio,10.101.2.133
472,T2083_AN_RAQUIA,patio,10.101.2.149
473,T2085_AN_AQUIA,patio,10.101.2.165
474,T2086_AN_CAJACAY,patio,10.101.2.181
475,T2089_AN_CANIS,patio,10.101.2.197
476,T2090_AN_CHASQUITAMBO,patio,10.101.2.213
477,T2091_AN_HUALLANCA (CHIQUIAN),patio,10.101.2.229
478,T2092_AN_HUASTA,patio,10.101.2.245
479,T2094_AN_HUAYLLACAYAN,patio,10.101.3.5
480,T2095_AN_GORGORILLO,patio,10.101.3.21
481,T2096_AN_MANGAS,patio,10.101.3.37
482,T2097_AN_PACLLON,patio,10.101.3.53
483,T2098_AN_CORPANQUI,patio,10.101.3.69
484,T2099_AN_TICLLOS,patio,10.101.3.85
485,T2101_AN_CARHUAZ,patio,10.101.11.165
486,T2111_AN_ACOPAMPA,patio,10.101.3.101
487,T2113_AN_AMASHCA,patio,10.101.3.117
488,T2118_AN_MARCARA,patio,10.101.3.149
489,T2125_AN_PARIAHUANCA,patio,10.101.3.165
490,T2126_AN_ACO (SAN MIGUEL DE ACO),patio,10.101.3.181
491,T2130_AN_SHILLA,patio,10.101.3.197
492,T2131_AN_TINCO,patio,10.101.3.213
493,T2132_AN_YUNGAR,patio,10.101.3.229
494,T2136_AN_SAN LUIS,patio,10.101.11.181
495,T2147_AN_HUAMBACHO,patio,10.101.3.133
496,T2149_AN_SAN NICOLAS,patio,10.101.3.245
497,T2153_AN_YAUYA,patio,10.101.4.5
498,T2161_AN_CASMA,patio,10.101.10.133
499,T2163_AN_BUENA VISTA ALTA,patio,10.101.4.21
500,T2167_AN_PUERTO CASMA,patio,10.101.4.37
501,T2170_AN_YAUTAN,patio,10.101.4.53
502,T2175_AN_CORONGO,patio,10.101.10.149
503,T2176_AN_ACO (ACO),patio,10.101.4.69
504,T2177_AN_BAMBAS,patio,10.101.4.85
505,T2178_AN_CUSCA,patio,10.101.4.101
506,T2182_AN_LA PAMPA,patio,10.101.4.117
507,T2184_AN_YANAC,patio,10.101.4.133
508,T2186_AN_YUPAN,patio,10.101.4.149
509,T2187_AN_HUARI,patio,10.101.10.165
510,T2195_AN_ANRA,patio,10.101.4.165
511,T2197_AN_CAJAY,patio,10.101.4.181
512,T2200_AN_CHAVIN DE HUANTAR,patio,10.101.4.197
513,T2213_AN_HUACACHI,patio,10.101.4.213
514,T2218_AN_HUACCHIS,patio,10.101.4.229
515,T2221_AN_HUACHIS,patio,10.101.4.245
516,T2224_AN_HUANTAR,patio,10.101.5.5
517,T2227_AN_MASIN,patio,10.101.5.21
518,T2230_AN_PAUCAS,patio,10.101.5.37
519,T2232_AN_PONTO,patio,10.101.5.53
520,T2238_AN_RAHUAPAMPA,patio,10.101.5.69
521,T2239_AN_RAPAYAN,patio,10.101.5.85
522,T2242_AN_SAN MARCOS,patio,10.101.5.101
523,T2253_AN_CHANA,patio,10.101.5.117
524,T2255_AN_UCO,patio,10.101.5.133
525,T2258_AN_HUARMEY,patio,10.101.10.181
526,T2262_AN_COCHAPETI,patio,10.101.5.149
527,T2263_AN_LA CALETA CULEBRAS,patio,10.101.5.165
528,T2266_AN_HUAYAN,patio,10.101.5.181
529,T2268_AN_MALVAS,patio,10.101.5.197
530,T2269_AN_CARAZ,patio,10.101.10.197
531,T2280_AN_HUALLANCA (CARAZ),patio,10.101.5.213
532,T2282_AN_HUATA,patio,10.101.5.229
533,T2284_AN_HUAYLAS,patio,10.101.5.245
534,T2286_AN_SUCRE,patio,10.101.6.5
535,T2287_AN_PAMPAROMAS,patio,10.101.6.21
536,T2297_AN_SAN JUAN,patio,10.101.6.37
537,T2305_AN_HUARIPAMPA,patio,10.101.6.53
538,T2313_AN_SANTO TORIBIO,patio,10.101.6.69
539,T2315_AN_YURACMARCA,patio,10.101.6.85
540,T2317_AN_PISCOBAMBA,patio,10.101.10.213
541,T2319_AN_CASCA,patio,10.101.6.101
542,T2324_AN_PAMPACHACRA,patio,10.101.6.117
543,T2326_AN_SANACHGAN,patio,10.101.6.133
544,T2328_AN_LLAMA,patio,10.101.6.149
545,T2329_AN_LLUMPA,patio,10.101.6.165
546,T2339_AN_LUCMA,patio,10.101.6.181
547,T2344_AN_MUSGA,patio,10.101.6.197
548,T2346_AN_OCROS,patio,10.101.10.229
549,T2347_AN_ACAS,patio,10.101.6.213
550,T2348_AN_CAJAMARQUILLA (OCROS),patio,10.101.6.229
551,T2349_AN_ACO (CARHUANPA),patio,10.101.6.245
552,T2350_AN_HUANCHAY (OCROS),patio,10.101.7.5
553,T2351_AN_CONGAS,patio,10.101.7.21
554,T2352_AN_LLIPA,patio,10.101.7.37
555,T2353_AN_RAJAN,patio,10.101.7.53
556,T2354_AN_COPA,patio,10.101.7.69
557,T2355_AN_SANTIAGO DE CHILCAS,patio,10.101.7.85
558,T2356_AN_CABANA,patio,10.101.10.245
559,T2359_AN_BOLOGNESI,patio,10.101.7.101
560,T2361_AN_CONCHUCOS,patio,10.101.7.117
561,T2363_AN_HUACASCHUQUE,patio,10.101.7.133
562,T2364_AN_HUANDOVAL,patio,10.101.7.149
563,T2365_AN_LACABAMBA,patio,10.101.7.165
564,T2366_AN_LLAPO,patio,10.101.7.181
565,T2367_AN_PALLASCA,patio,10.101.7.197
566,T2369_AN_PAMPAS,patio,10.101.7.213
567,T2373_AN_SANTA ROSA,patio,10.101.7.229
568,T2375_AN_TAUCA,patio,10.101.7.245
569,T2380_AN_POMABAMBA,patio,10.101.11.69
570,T2385_AN_HUAYLLAN,patio,10.101.8.5
571,T2389_AN_PAROBAMBA,patio,10.101.8.21
572,T2397_AN_QUINUABAMBA,patio,10.101.8.37
573,T2400_AN_RECUAY,patio,10.101.11.85
574,T2402_AN_CATAC,patio,10.101.8.53
575,T2403_AN_COTAPARACO,patio,10.101.8.69
576,T2404_AN_HUAYLLAPAMPA,patio,10.101.8.85
577,T2405_AN_LLACLLIN,patio,10.101.8.101
578,T2406_AN_MARCA,patio,10.101.8.117
579,T2407_AN_PAMPAS CHICO,patio,10.101.8.133
580,T2410_AN_PARARIN,patio,10.101.8.149
581,T2411_AN_TAPACOCHA,patio,10.101.8.165
582,T2412_AN_TICAPAMPA,patio,10.101.8.181
583,T2413_AN_CHIMBOTE,patio,10.101.1.5
584,T2431_AN_JIMBE,patio,10.101.8.197
585,T2434_AN_COISHCO,patio,10.101.8.213
586,T2435_AN_MACATE,patio,10.101.8.229
587,T2436_AN_MORO,patio,10.101.8.245
588,T2441_AN_NEPEÑA,patio,10.101.9.5
589,T2447_AN_HUAMBACHO,patio,10.101.3.133
590,T2445_AN_SAMANCO,patio,10.101.18.37
591,T2450_AN_SANTA,patio,10.101.9.21
592,T2452_AN_BUENOS AIRES,patio,10.101.9.37
593,T2454_AN_SIHUAS,patio,10.101.1.21
594,T2458_AN_ACOBAMBA,patio,10.101.9.53
595,T2462_AN_ULLULLUCO,patio,10.101.9.69
596,T2465_AN_CHINGALPO,patio,10.101.9.85
597,T2466_AN_HUAYLLABAMBA,patio,10.101.9.101
598,T2474_AN_QUICHES,patio,10.101.9.117
599,T2478_AN_RAGASH,patio,10.101.9.133
600,T2480_AN_CHULLIN,patio,10.101.9.149
601,T2485_AN_UMBE,patio,10.101.9.165
602,T2488_AN_YUNGAY,patio,10.101.1.37
603,T2505_AN_CASCAPARA,patio,10.101.9.181
604,T2508_AN_MANCOS,patio,10.101.9.197
605,T2514_AN_MATACOTO,patio,10.101.9.213
606,T2515_AN_QUILLO,patio,10.101.9.229
607,T2525_AN_RANRAHIRCA,patio,10.101.9.245
608,T2527_AN_SHUPLUY,patio,10.101.10.5
609,T2528_AN_YANAMA,patio,10.101.10.21
610,T1002_AR_SELVA ALEGRE,patio,10.111.5.21
611,T1003_AR_CAYMA,patio,10.111.1.69
612,T1004_AR_LA LIBERTAD,patio,10.111.3.5
613,T1005_AR_CHARACATO,patio,10.111.1.133
614,T1006_AR_CHIGUATA,patio,10.111.1.181
615,T1010_AR_JACOBO HUNTER,patio,10.111.2.197
616,T1011_AR_LA JOYA,patio,10.111.2.245
617,T1027_AR_MARIANO MELGAR,patio,10.111.3.149
618,T1028_AR_MIRAFLORES,patio,10.111.3.181
619,T1029_AR_MOLLEBAYA,patio,10.111.3.197
620,T1031_AR_PAUCARPATA,patio,10.111.4.21
621,T1032_AR_POCSI,patio,10.111.4.37
622,T1035_AR_POLOBAYA GRANDE,patio,10.111.4.53
623,T1040_AR_QUEQUEÑA,patio,10.111.4.101
624,T1041_AR_SABANDIA,patio,10.111.4.149
625,T1043_AR_SACHACA,patio,10.111.4.165
626,T1044_AR_TAMBILLO,patio,10.111.5.69
627,T1045_AR_TARUCANI,patio,10.111.5.101
628,T1046_AR_SANTA ISABEL DE SIGUAS,patio,10.111.4.229
629,T1049_AR_SANTA RITA DE SIGUAS,patio,10.111.4.245
630,T1050_AR_SOCABAYA,patio,10.111.5.53
631,T1051_AR_TIABAYA,patio,10.111.5.149
632,T1053_AR_UCHUMAYO,patio,10.111.6.5
633,T1055_AR_VITOR,patio,10.111.6.85
634,T1061_AR_YANAHUARA,patio,10.111.6.101
635,T1062_AR_YARABAMBA,patio,10.111.6.213
636,T1064_AR_YURA,patio,10.111.6.245
637,T1065_AR_CONO NORTE,patio,10.111.6.133
638,T1068_AR_CIUDAD SATELITE,patio,10.111.1.229
639,T1069_AR_CAMANA,patio,10.111.8.53
640,T1070_AR_EL CARDO,patio,10.111.2.37
641,T1073_AR_URASQUI,patio,10.111.6.37
642,T1075_AR_SAN JOSE,patio,10.111.4.213
643,T1076_AR_PUCCHUN,patio,10.111.6.197
644,T1077_AR_SAN GREGORIO,patio,10.111.4.197
645,T1079_AR_OCOÑA,patio,10.111.3.229
646,T1085_AR_QUILCA,patio,10.111.4.133
647,T1086_AR_LA PAMPA,patio,10.111.3.21
648,T1090_AR_CARAVELI,patio,10.111.8.69
649,T1091_AR_ACARI,patio,10.111.7.117
650,T1097_AR_ATICO,patio,10.111.7.213
651,T1098_AR_LA FLORIDA,patio,10.111.6.149
652,T1099_AR_ATIQUIPA,patio,10.111.7.229
653,T1102_AR_BELLA UNION,patio,10.111.8.5
654,T1104_AR_CAHUACHO,patio,10.111.1.5
655,T1106_AR_CHALA,patio,10.111.1.117
656,T1107_AR_ACHANIZO,patio,10.111.7.133
657,T1109_AR_PUEBLO VIEJO (CHAPARRA),patio,10.111.7.5
658,T1111_AR_TOCOTA,patio,10.111.5.197
659,T1112_AR_MOLLEHUACA,patio,10.111.6.165
660,T1113_AR_JAQUI,patio,10.111.2.213
661,T1116_AR_LOMAS,patio,10.111.3.69
662,T1117_AR_QUICACHA,patio,10.111.4.117
663,T1120_AR_YAUCA,patio,10.111.6.229
664,T1121_AR_APLAO,patio,10.111.8.37
665,T1132_AR_ANDAGUA,patio,10.111.7.181
666,T1134_AR_AYO,patio,10.111.7.245
667,T1135_AR_CHACHAS,patio,10.111.1.101
668,T1138_AR_CHILCAYMARCA,patio,10.111.1.197
669,T1141_AR_CHOCO,patio,10.111.1.213
670,T1143_AR_HUANCARQUI,patio,10.111.2.101
671,T1144_AR_MACHAGUAY,patio,10.111.3.117
672,T1149_AR_ORCOPAMPA,patio,10.111.3.245
673,T1157_AR_PAMPACOLCA,patio,10.111.4.5
674,T1162_AR_TIPAN,patio,10.111.5.165
675,T1166_AR_UÑON,patio,10.111.6.21
676,T1168_AR_CORIRE,patio,10.111.2.21
677,T1177_AR_VIRACO,patio,10.111.6.69
678,T1184_AR_CHIVAY,patio,10.111.7.85
679,T1186_AR_ACHOMA,patio,10.111.7.149
680,T1187_AR_CABANACONDE,patio,10.111.8.21
681,T1189_AR_CALLALLI,patio,10.111.1.21
682,T1190_AR_CAYLLOMA,patio,10.111.1.53
683,T1191_AR_COPORAQUE,patio,10.111.2.5
684,T1192_AR_HUAMBO,patio,10.111.2.69
685,T1193_AR_HUANCA,patio,10.111.2.85
686,T1198_AR_ICHUPAMPA,patio,10.111.2.117
687,T1199_AR_LARI,patio,10.111.3.37
688,T1200_AR_LLUTA,patio,10.111.3.53
689,T1204_AR_MACA,patio,10.111.3.85
690,T1205_AR_MADRIGAL,patio,10.111.3.133
691,T1206_AR_IMATA,patio,10.111.2.133
692,T1207_AR_SIBAYO,patio,10.111.5.37
693,T1208_AR_TAPAY,patio,10.111.5.85
694,T1214_AR_TISCO,patio,10.111.5.181
695,T1215_AR_TUTI,patio,10.111.5.245
696,T1216_AR_YANQUE,patio,10.111.6.181
697,T1217_AR_EL PEDREGAL,patio,10.111.2.53
698,T1239_AR_CHUQUIBAMBA,patio,10.111.7.101
699,T1245_AR_ANDARAY,patio,10.111.7.197
700,T1248_AR_CAYARANI,patio,10.111.1.37
701,T1252_AR_CHICHAS,patio,10.111.1.165
702,T1256_AR_IRAY,patio,10.111.2.165
703,T1259_AR_IQUIPI,patio,10.111.2.149
704,T1260_AR_SAN JUAN DE CHORUNGA,patio,10.111.7.21
705,T1263_AR_SALAMANCA,patio,10.111.4.181
706,T1264_AR_YANAQUIHUA,patio,10.111.6.117
707,T1266_AR_MOLLENDO,patio,10.111.3.101
708,T1269_AR_COCACHACRA,patio,10.111.1.245
709,T1278_AR_LA CURVA,patio,10.111.2.229
710,T1281_AR_ISLAY (MATARANI),patio,10.111.2.181
711,T1282_AR_MEJIA,patio,10.111.3.165
712,T1283_AR_PUNTA DE BOMBON,patio,10.111.4.69
713,T1285_AR_COTAHUASI,patio,10.111.1.85
714,T1286_AR_ALCA,patio,10.111.7.165
715,T1287_AR_CHARCANA,patio,10.111.1.149
716,T1288_AR_TAURISMA,patio,10.111.5.133
717,T1289_AR_MUNGUI,patio,10.111.3.213
718,T1290_AR_PUYCA,patio,10.111.4.85
719,T1291_AR_VELINGA,patio,10.111.6.53
720,T1292_AR_SAYLA,patio,10.111.5.5
721,T1293_AR_TAURIA,patio,10.111.5.117
722,T1294_AR_TOMEPAMPA,patio,10.111.5.213
723,T1295_AR_TORO,patio,10.111.5.229
724,T3002_LL_EL PORVENIR,patio,10.121.2.53
725,T3003_LL_FLORENCIA DE MORA,patio,10.121.2.69
726,T3004_LL_HUANCHACO,patio,10.121.2.133
727,T3005_LL_LA ESPERANZA,patio,10.121.2.245
728,T3006_LL_LAREDO,patio,10.121.3.5
729,T3013_LL_MOCHE,patio,10.121.3.101
730,T3015_LL_POROTO,patio,10.121.4.37
731,T3016_LL_SALAVERRY,patio,10.121.4.101
732,T3017_LL_SIMBAL,patio,10.121.4.245
733,T3020_LL_BUENOS AIRES,patio,10.121.1.69
734,T3021_LL_ASCOPE,patio,10.121.6.5
735,T3022_LL_CHICAMA,patio,10.121.1.213
736,T3023_LL_CHOCOPE,patio,10.121.1.245
737,T3025_LL_MAGDALENA DE CAO,patio,10.121.3.69
738,T3026_LL_PAIJAN,patio,10.121.3.213
739,T3029_LL_PUERTO DE MALABRIGO,patio,10.121.4.69
740,T3031_LL_SANTIAGO DE CAO,patio,10.121.4.181
741,T3032_LL_CASA GRANDE,patio,10.121.1.149
742,T3037_LL_BOLIVAR,patio,10.121.6.21
743,T3038_LL_BAMBAMARCA,patio,10.121.1.53
744,T3041_LL_NUEVO CONDORMARCA,patio,10.121.3.149
745,T3042_LL_LONGOTEA,patio,10.121.3.21
746,T3046_LL_UCHUCMARCA,patio,10.121.5.53
747,T3052_LL_UCUNCHA,patio,10.121.5.69
748,T3053_LL_CHEPEN,patio,10.121.6.53
749,T3058_LL_PACANGA,patio,10.121.3.181
750,T3062_LL_PUEBLO NUEVO,patio,10.121.4.53
751,T3067_LL_JULCAN,patio,10.121.6.85
752,T3097_LL_CALAMARCA,patio,10.121.1.117
753,T3114_LL_CARABAMBA,patio,10.121.1.133
754,T3136_LL_HUASO,patio,10.121.2.165
755,T3156_LL_OTUZCO,patio,10.121.6.101
756,T3193_LL_AGALLPAMPA,patio,10.121.1.5
757,T3217_LL_CHARAT,patio,10.121.1.197
758,T3225_LL_HUARANCHAL,patio,10.121.2.149
759,T3235_LL_LA CUESTA,patio,10.121.2.229
760,T3237_LL_MACHE,patio,10.121.3.53
761,T3243_LL_PARANDAY,patio,10.121.3.229
762,T3245_LL_SALPO,patio,10.121.4.117
763,T3255_LL_SINSICAP,patio,10.121.5.5
764,T3260_LL_USQUIL,patio,10.121.5.101
765,T3310_LL_SAN PEDRO DE LLOC,patio,10.121.6.117
766,T3313_LL_GUADALUPE,patio,10.121.2.85
767,T3316_LL_JEQUETEPEQUE,patio,10.121.2.213
768,T3317_LL_PACASMAYO,patio,10.121.3.197
769,T3318_LL_SAN JOSE,patio,10.121.4.133
770,T3322_LL_TAYABAMBA,patio,10.121.6.149
771,T3346_LL_BULDIBUYO,patio,10.121.1.85
772,T3353_LL_ARCAYPATA,patio,10.121.5.133
773,T3356_LL_CHILLIA,patio,10.121.1.229
774,T3381_LL_HUANCASPATA,patio,10.121.2.117
775,T3398_LL_HUAYLILLAS,patio,10.121.2.181
776,T3401_LL_HUAYO,patio,10.121.2.197
777,T3414_LL_PARCOY,patio,10.121.3.245
778,T3435_LL_PATAZ,patio,10.121.4.5
779,T3440_LL_PIAS,patio,10.121.4.21
780,T3447_LL_CHALLAS,patio,10.121.1.165
781,T3451_LL_TAURIJA,patio,10.121.5.37
782,T3456_LL_URPAY,patio,10.121.5.85
783,T3461_LL_HUAMACHUCO,patio,10.121.6.69
784,T3486_LL_CHUGAY,patio,10.121.2.5
785,T3520_LL_ARICAPAMPA,patio,10.121.1.37
786,T3541_LL_CURGOS,patio,10.121.2.37
787,T3551_LL_MARCABAL,patio,10.121.3.85
788,T3570_LL_SANAGORAN,patio,10.121.4.149
789,T3589_LL_PAMPA VERDE,patio,10.121.5.165
790,T3595_LL_SARIN,patio,10.121.4.197
791,T3618_LL_SARTIMBAMBA,patio,10.121.4.213
792,T3635_LL_SANTIAGO DE CHUCO,patio,10.121.6.133
793,T3652_LL_ANGASMARCA,patio,10.121.1.21
794,T3658_LL_CACHICADAN,patio,10.121.1.101
795,T3664_LL_MOLLEBAMBA,patio,10.121.3.117
796,T3667_LL_MOLLEPATA,patio,10.121.3.133
797,T3670_LL_QUIRUVILCA,patio,10.121.4.85
798,T3695_LL_SANTA CRUZ DE CHUCA,patio,10.121.4.165
799,T3703_LL_SITABAMBA,patio,10.121.5.21
800,T3711_LL_PIJOBAMBA,patio,10.121.5.181
801,T3716_LL_CASCAS,patio,10.121.6.37
802,T3720_LL_9 DE OCTUBRE,patio,10.121.5.117
803,T3723_LL_LUCMA,patio,10.121.3.37
804,T3735_LL_COMPIN,patio,10.121.2.21
805,T3737_LL_SAYAPULLO,patio,10.121.4.229
806,T3742_LL_EL PORVENIR (SAYAPULLO),patio,10.121.5.149
807,T3749_LL_VIRU,patio,10.121.5.213
808,T3754_LL_PUENTE VIRU,patio,10.121.5.197
809,T3760_LL_CHAO,patio,10.121.1.181
810,T3764_LL_GUADALUPITO,patio,10.121.2.101
811,T3781_LL_CALIPUY,patio,10.121.3.165
812,T4027_SM_HABANA,patio,10.131.1.181
813,T4028_SM_JEPELACIO,patio,10.131.1.229
814,T4036_SM_SORITOR,patio,10.131.4.117
815,T4040_SM_YANTALO,patio,10.131.4.213
816,T4041_SM_BELLAVISTA,patio,10.131.5.245
817,T4044_SM_CUZCO,patio,10.131.1.149
818,T4046_SM_NUEVO LIMA,patio,10.131.2.117
819,T4051_SM_LEDOY,patio,10.131.2.21
820,T4052_SM_SAN PABLO,patio,10.131.3.213
821,T4055_SM_SAN RAFAEL,patio,10.131.3.229
822,T4057_SM_SAN JOSE DE SISA,patio,10.131.5.181
823,T4068_SM_AGUA BLANCA,patio,10.131.1.5
824,T4069_SM_SAN MARTIN,patio,10.131.3.197
825,T4077_SM_SANTA ROSA,patio,10.131.4.5
826,T4081_SM_SHATOJA,patio,10.131.4.101
827,T4083_SM_SAPOSOA,patio,10.131.5.197
828,T4084_SM_PASARRAYA,patio,10.131.2.197
829,T4085_SM_EL ESLABON,patio,10.131.1.165
830,T4087_SM_PISCOYACU,patio,10.131.3.5
831,T4088_SM_SACANCHE,patio,10.131.3.133
832,T4089_SM_LAMAS,patio,10.131.6.21
833,T4095_SM_ROQUE,patio,10.131.3.101
834,T4100_SM_BARRANQUITA,patio,10.131.1.37
835,T4103_SM_PONGO DE CAYNARACHI,patio,10.131.3.37
836,T4108_SM_CUÑUMBUQUI,patio,10.131.1.133
837,T4112_SM_PINTO RECODO,patio,10.131.2.245
838,T4114_SM_RUMISAPA,patio,10.131.3.117
839,T4115_SM_SAN ROQUE DE CUMBAZA,patio,10.131.3.245
840,T4117_SM_SHANAO,patio,10.131.4.69
841,T4118_SM_TABALOSOS,patio,10.131.4.133
842,T4119_SM_ZAPATERO,patio,10.131.5.5
843,T4126_SM_JUANJUI,patio,10.131.6.5
844,T4129_SM_CAMPANILLA,patio,10.131.1.85
845,T4131_SM_HUICUNGO,patio,10.131.1.197
846,T4132_SM_PACHIZA,patio,10.131.2.149
847,T4134_SM_PAJARILLO,patio,10.131.2.165
848,T4137_SM_PICOTA,patio,10.131.5.149
849,T4138_SM_BUENOS AIRES,patio,10.131.1.53
850,T4139_SM_CASPISAPA,patio,10.131.1.101
851,T4140_SM_PILLUANA,patio,10.131.2.229
852,T4142_SM_PUCACACA,patio,10.131.3.69
853,T4143_SM_PUERTO RICO,patio,10.131.3.85
854,T4144_SM_SAN CRISTOBAL DE SISA,patio,10.131.3.165
855,T4147_SM_SHAMBOYACU,patio,10.131.4.53
856,T4150_SM_TINGO DE PONASA,patio,10.131.4.149
857,T4153_SM_TRES UNIDOS,patio,10.131.4.165
858,T4154_SM_RIOJA,patio,10.131.5.165
859,T4155_SM_BAJO NARANJILLO,patio,10.131.1.21
860,T4160_SM_SEGUNDA JERUSALEN-AZUNGUILLO,patio,10.131.4.37
861,T4162_SM_NUEVA CAJAMARCA,patio,10.131.2.101
862,T4175_SM_NARANJOS,patio,10.131.2.69
863,T4180_SM_SAN JUAN DEL MAYO,patio,10.131.5.53
864,T4181_SM_SANTA ROSA DEL MIRADOR,patio,10.131.5.85
865,T4186_SM_POSIC,patio,10.131.3.53
866,T4187_SM_SAN FERNANDO,patio,10.131.3.181
867,T4189_SM_YORONGOS,patio,10.131.4.229
868,T4190_SM_YURACYACU,patio,10.131.4.245
869,T4191_SM_TARAPOTO,patio,10.131.5.213
870,T4192_SM_UTCURARCA,patio,10.131.4.197
871,T4193_SM_CACATACHI,patio,10.131.1.69
872,T4194_SM_CHAZUTA,patio,10.131.1.117
873,T4199_SM_NAVARRO,patio,10.131.2.85
874,T4202_SM_PELEJO,patio,10.131.2.213
875,T4204_SM_HUIMBAYOC,patio,10.131.1.213
876,T4209_SM_JUAN GUERRA,patio,10.131.1.245
877,T4210_SM_LA BANDA,patio,10.131.2.5
878,T4211_SM_MORALES,patio,10.131.2.53
879,T4212_SM_PAPAPLAYA,patio,10.131.2.181
880,T4216_SM_SAN ANTONIO,patio,10.131.3.149
881,T4217_SM_SAUCE,patio,10.131.4.21
882,T4219_SM_SHAPAJA,patio,10.131.4.85
883,T4220_SM_TOCACHE,patio,10.131.5.229
884,T4223_SM_NUEVO BAMBAMARCA,patio,10.131.5.21
885,T4227_SM_NUEVO PROGRESO,patio,10.131.2.133
886,T4232_SM_POLVORA,patio,10.131.3.21
887,T4234_SM_PUERTO PISANA,patio,10.131.5.37
888,T4243_SM_MONTE CRISTO,patio,10.131.2.37
889,T4244_SM_UCHIZA,patio,10.131.4.181
890,T4249_SM_SANTA LUCIA,patio,10.131.5.69
891,T2004_AN_COCHABAMBA,equipo,10.101.1.51
892,T2008_AN_COLCABAMBA,equipo,10.101.1.67
893,T2009_AN_HUANCHAY (HUARAZ),equipo,10.101.1.83
894,T2012_AN_CENTENARIO,equipo,10.101.1.99
895,T2023_AN_JANGAS,equipo,10.101.1.115
896,T2027_AN_CAJAMARQUILLA (HUARAZ),equipo,10.101.1.131
897,T2029_AN_OLLEROS,equipo,10.101.1.147
898,T2031_AN_PAMPAS GRANDE,equipo,10.101.1.163
899,T2033_AN_PARIACOTO,equipo,10.101.1.179
900,T2040_AN_PIRA,equipo,10.101.1.195
901,T2045_AN_TARICA,equipo,10.101.1.211
902,T2049_AN_AIJA,equipo,10.101.11.99
903,T2050_AN_CORIS,equipo,10.101.1.227
904,T2052_AN_HUACLLAN,equipo,10.101.1.243
905,T2053_AN_LA MERCED,equipo,10.101.2.3
906,T2055_AN_SUCCHA,equipo,10.101.2.19
907,T2056_AN_LLAMELLIN,equipo,10.101.11.115
908,T2058_AN_ACZO,equipo,10.101.2.35
909,T2061_AN_CHACCHO,equipo,10.101.2.51
910,T2062_AN_CHINGAS,equipo,10.101.2.67
911,T2065_AN_MIRGAS,equipo,10.101.2.83
912,T2071_AN_SAN JUAN DE RONTOY,equipo,10.101.2.99
913,T2073_AN_CHACAS,equipo,10.101.11.131
914,T2076_AN_ACOCHACA,equipo,10.101.2.115
915,T2080_AN_CHIQUIAN,equipo,10.101.11.147
916,T2082_AN_LLACLLA,equipo,10.101.2.131
917,T2083_AN_RAQUIA,equipo,10.101.2.147
918,T2085_AN_AQUIA,equipo,10.101.2.163
919,T2086_AN_CAJACAY,equipo,10.101.2.179
920,T2089_AN_CANIS,equipo,10.101.2.195
921,T2090_AN_CHASQUITAMBO,equipo,10.101.2.211
922,T2091_AN_HUALLANCA (CHIQUIAN),equipo,10.101.2.227
923,T2092_AN_HUASTA,equipo,10.101.2.243
924,T2094_AN_HUAYLLACAYAN,equipo,10.101.3.3
925,T2095_AN_GORGORILLO,equipo,10.101.3.19
926,T2096_AN_MANGAS,equipo,10.101.3.35
927,T2097_AN_PACLLON,equipo,10.101.3.51
928,T2098_AN_CORPANQUI,equipo,10.101.3.67
929,T2099_AN_TICLLOS,equipo,10.101.3.83
930,T2101_AN_CARHUAZ,equipo,10.101.11.163
931,T2111_AN_ACOPAMPA,equipo,10.101.3.99
932,T2113_AN_AMASHCA,equipo,10.101.3.115
933,T2118_AN_MARCARA,equipo,10.101.3.147
934,T2125_AN_PARIAHUANCA,equipo,10.101.3.163
935,T2126_AN_ACO (SAN MIGUEL DE ACO),equipo,10.101.3.179
936,T2130_AN_SHILLA,equipo,10.101.3.195
937,T2131_AN_TINCO,equipo,10.101.3.211
938,T2132_AN_YUNGAR,equipo,10.101.3.227
939,T2136_AN_SAN LUIS,equipo,10.101.11.179
940,T2147_AN_HUAMBACHO,equipo,10.101.3.131
941,T2149_AN_SAN NICOLAS,equipo,10.101.3.243
942,T2153_AN_YAUYA,equipo,10.101.4.3
943,T2161_AN_CASMA,equipo,10.101.10.131
944,T2163_AN_BUENA VISTA ALTA,equipo,10.101.4.19
945,T2167_AN_PUERTO CASMA,equipo,10.101.4.35
946,T2170_AN_YAUTAN,equipo,10.101.4.51
947,T2175_AN_CORONGO,equipo,10.101.10.147
948,T2176_AN_ACO (ACO),equipo,10.101.4.67
949,T2177_AN_BAMBAS,equipo,10.101.4.83
950,T2178_AN_CUSCA,equipo,10.101.4.99
951,T2182_AN_LA PAMPA,equipo,10.101.4.115
952,T2184_AN_YANAC,equipo,10.101.4.131
953,T2186_AN_YUPAN,equipo,10.101.4.147
954,T2187_AN_HUARI,equipo,10.101.10.163
955,T2195_AN_ANRA,equipo,10.101.4.163
956,T2197_AN_CAJAY,equipo,10.101.4.179
957,T2200_AN_CHAVIN DE HUANTAR,equipo,10.101.4.195
958,T2213_AN_HUACACHI,equipo,10.101.4.211
959,T2218_AN_HUACCHIS,equipo,10.101.4.227
960,T2221_AN_HUACHIS,equipo,10.101.4.243
961,T2224_AN_HUANTAR,equipo,10.101.5.3
962,T2227_AN_MASIN,equipo,10.101.5.19
963,T2230_AN_PAUCAS,equipo,10.101.5.35
964,T2232_AN_PONTO,equipo,10.101.5.51
965,T2238_AN_RAHUAPAMPA,equipo,10.101.5.67
966,T2239_AN_RAPAYAN,equipo,10.101.5.83
967,T2242_AN_SAN MARCOS,equipo,10.101.5.99
968,T2253_AN_CHANA,equipo,10.101.5.115
969,T2255_AN_UCO,equipo,10.101.5.131
970,T2258_AN_HUARMEY,equipo,10.101.10.179
971,T2262_AN_COCHAPETI,equipo,10.101.5.147
972,T2263_AN_LA CALETA CULEBRAS,equipo,10.101.5.163
973,T2266_AN_HUAYAN,equipo,10.101.5.179
974,T2268_AN_MALVAS,equipo,10.101.5.195
975,T2269_AN_CARAZ,equipo,10.101.10.195
976,T2280_AN_HUALLANCA (CARAZ),equipo,10.101.5.211
977,T2282_AN_HUATA,equipo,10.101.5.227
978,T2284_AN_HUAYLAS,equipo,10.101.5.243
979,T2286_AN_SUCRE,equipo,10.101.6.3
980,T2287_AN_PAMPAROMAS,equipo,10.101.6.19
981,T2297_AN_SAN JUAN,equipo,10.101.6.35
982,T2305_AN_HUARIPAMPA,equipo,10.101.6.51
983,T2313_AN_SANTO TORIBIO,equipo,10.101.6.67
984,T2315_AN_YURACMARCA,equipo,10.101.6.83
985,T2317_AN_PISCOBAMBA,equipo,10.101.10.211
986,T2319_AN_CASCA,equipo,10.101.6.99
987,T2324_AN_PAMPACHACRA,equipo,10.101.6.115
988,T2326_AN_SANACHGAN,equipo,10.101.6.131
989,T2328_AN_LLAMA,equipo,10.101.6.147
990,T2329_AN_LLUMPA,equipo,10.101.6.163
991,T2339_AN_LUCMA,equipo,10.101.6.179
992,T2344_AN_MUSGA,equipo,10.101.6.195
993,T2346_AN_OCROS,equipo,10.101.10.227
994,T2347_AN_ACAS,equipo,10.101.6.211
995,T2348_AN_CAJAMARQUILLA (OCROS),equipo,10.101.6.227
996,T2349_AN_ACO (CARHUANPA),equipo,10.101.6.243
997,T2350_AN_HUANCHAY (OCROS),equipo,10.101.7.3
998,T2351_AN_CONGAS,equipo,10.101.7.19
999,T2352_AN_LLIPA,equipo,10.101.7.35
1000,T2353_AN_RAJAN,equipo,10.101.7.51
1001,T2354_AN_COPA,equipo,10.101.7.67
1002,T2355_AN_SANTIAGO DE CHILCAS,equipo,10.101.7.83
1003,T2356_AN_CABANA,equipo,10.101.10.243
1004,T2359_AN_BOLOGNESI,equipo,10.101.7.99
1005,T2361_AN_CONCHUCOS,equipo,10.101.7.115
1006,T2363_AN_HUACASCHUQUE,equipo,10.101.7.131
1007,T2364_AN_HUANDOVAL,equipo,10.101.7.147
1008,T2365_AN_LACABAMBA,equipo,10.101.7.163
1009,T2366_AN_LLAPO,equipo,10.101.7.179
1010,T2367_AN_PALLASCA,equipo,10.101.7.195
1011,T2369_AN_PAMPAS,equipo,10.101.7.211
1012,T2373_AN_SANTA ROSA,equipo,10.101.7.227
1013,T2375_AN_TAUCA,equipo,10.101.7.243
1014,T2380_AN_POMABAMBA,equipo,10.101.11.67
1015,T2385_AN_HUAYLLAN,equipo,10.101.8.3
1016,T2389_AN_PAROBAMBA,equipo,10.101.8.19
1017,T2397_AN_QUINUABAMBA,equipo,10.101.8.35
1018,T2400_AN_RECUAY,equipo,10.101.11.83
1019,T2402_AN_CATAC,equipo,10.101.8.51
1020,T2403_AN_COTAPARACO,equipo,10.101.8.67
1021,T2404_AN_HUAYLLAPAMPA,equipo,10.101.8.83
1022,T2405_AN_LLACLLIN,equipo,10.101.8.99
1023,T2406_AN_MARCA,equipo,10.101.8.115
1024,T2407_AN_PAMPAS CHICO,equipo,10.101.8.131
1025,T2410_AN_PARARIN,equipo,10.101.8.147
1026,T2411_AN_TAPACOCHA,equipo,10.101.8.163
1027,T2412_AN_TICAPAMPA,equipo,10.101.8.179
1028,T2413_AN_CHIMBOTE,equipo,10.101.1.3
1029,T2431_AN_JIMBE,equipo,10.101.8.195
1030,T2434_AN_COISHCO,equipo,10.101.8.211
1031,T2435_AN_MACATE,equipo,10.101.8.227
1032,T2436_AN_MORO,equipo,10.101.8.243
1033,T2441_AN_NEPEÑA,equipo,10.101.9.3
1034,T2447_AN_HUAMBACHO,equipo,10.101.3.131
1035,T2445_AN_SAMANCO,equipo,10.101.18.35
1036,T2450_AN_SANTA,equipo,10.101.9.19
1037,T2452_AN_BUENOS AIRES,equipo,10.101.9.35
1038,T2454_AN_SIHUAS,equipo,10.101.1.19
1039,T2458_AN_ACOBAMBA,equipo,10.101.9.51
1040,T2462_AN_ULLULLUCO,equipo,10.101.9.67
1041,T2465_AN_CHINGALPO,equipo,10.101.9.83
1042,T2466_AN_HUAYLLABAMBA,equipo,10.101.9.99
1043,T2474_AN_QUICHES,equipo,10.101.9.115
1044,T2478_AN_RAGASH,equipo,10.101.9.131
1045,T2480_AN_CHULLIN,equipo,10.101.9.147
1046,T2485_AN_UMBE,equipo,10.101.9.163
1047,T2488_AN_YUNGAY,equipo,10.101.1.35
1048,T2505_AN_CASCAPARA,equipo,10.101.9.179
1049,T2508_AN_MANCOS,equipo,10.101.9.195
1050,T2514_AN_MATACOTO,equipo,10.101.9.211
1051,T2515_AN_QUILLO,equipo,10.101.9.227
1052,T2525_AN_RANRAHIRCA,equipo,10.101.9.243
1053,T2527_AN_SHUPLUY,equipo,10.101.10.3
1054,T2528_AN_YANAMA,equipo,10.101.10.19
1055,T1002_AR_SELVA ALEGRE,equipo,10.111.5.22
1056,T1003_AR_CAYMA,equipo,10.111.1.70
1057,T1004_AR_LA LIBERTAD,equipo,10.111.3.6
1058,T1005_AR_CHARACATO,equipo,10.111.1.134
1059,T1006_AR_CHIGUATA,equipo,10.111.1.182
1060,T1010_AR_JACOBO HUNTER,equipo,10.111.2.198
1061,T1011_AR_LA JOYA,equipo,10.111.2.246
1062,T1027_AR_MARIANO MELGAR,equipo,10.111.3.150
1063,T1028_AR_MIRAFLORES,equipo,10.111.3.182
1064,T1029_AR_MOLLEBAYA,equipo,10.111.3.198
1065,T1031_AR_PAUCARPATA,equipo,10.111.4.22
1066,T1032_AR_POCSI,equipo,10.111.4.38
1067,T1035_AR_POLOBAYA GRANDE,equipo,10.111.4.54
1068,T1040_AR_QUEQUEÑA,equipo,10.111.4.102
1069,T1041_AR_SABANDIA,equipo,10.111.4.150
1070,T1043_AR_SACHACA,equipo,10.111.4.166
1071,T1044_AR_TAMBILLO,equipo,10.111.5.70
1072,T1045_AR_TARUCANI,equipo,10.111.5.102
1073,T1046_AR_SANTA ISABEL DE SIGUAS,equipo,10.111.4.230
1074,T1049_AR_SANTA RITA DE SIGUAS,equipo,10.111.4.246
1075,T1050_AR_SOCABAYA,equipo,10.111.5.54
1076,T1051_AR_TIABAYA,equipo,10.111.5.150
1077,T1053_AR_UCHUMAYO,equipo,10.111.6.6
1078,T1055_AR_VITOR,equipo,10.111.6.86
1079,T1061_AR_YANAHUARA,equipo,10.111.6.102
1080,T1062_AR_YARABAMBA,equipo,10.111.6.214
1081,T1064_AR_YURA,equipo,10.111.6.246
1082,T1065_AR_CONO NORTE,equipo,10.111.6.134
1083,T1068_AR_CIUDAD SATELITE,equipo,10.111.1.230
1084,T1069_AR_CAMANA,equipo,10.111.8.54
1085,T1070_AR_EL CARDO,equipo,10.111.2.38
1086,T1073_AR_URASQUI,equipo,10.111.6.38
1087,T1075_AR_SAN JOSE,equipo,10.111.4.214
1088,T1076_AR_PUCCHUN,equipo,10.111.6.198
1089,T1077_AR_SAN GREGORIO,equipo,10.111.4.198
1090,T1079_AR_OCOÑA,equipo,10.111.3.230
1091,T1085_AR_QUILCA,equipo,10.111.4.134
1092,T1086_AR_LA PAMPA,equipo,10.111.3.22
1093,T1090_AR_CARAVELI,equipo,10.111.8.70
1094,T1091_AR_ACARI,equipo,10.111.7.118
1095,T1097_AR_ATICO,equipo,10.111.7.214
1096,T1098_AR_LA FLORIDA,equipo,10.111.6.150
1097,T1099_AR_ATIQUIPA,equipo,10.111.7.230
1098,T1102_AR_BELLA UNION,equipo,10.111.8.6
1099,T1104_AR_CAHUACHO,equipo,10.111.1.6
1100,T1106_AR_CHALA,equipo,10.111.1.118
1101,T1107_AR_ACHANIZO,equipo,10.111.7.134
1102,T1109_AR_PUEBLO VIEJO (CHAPARRA),equipo,10.111.7.6
1103,T1111_AR_TOCOTA,equipo,10.111.5.198
1104,T1112_AR_MOLLEHUACA,equipo,10.111.6.166
1105,T1113_AR_JAQUI,equipo,10.111.2.214
1106,T1116_AR_LOMAS,equipo,10.111.3.70
1107,T1117_AR_QUICACHA,equipo,10.111.4.118
1108,T1120_AR_YAUCA,equipo,10.111.6.230
1109,T1121_AR_APLAO,equipo,10.111.8.38
1110,T1132_AR_ANDAGUA,equipo,10.111.7.182
1111,T1134_AR_AYO,equipo,10.111.7.246
1112,T1135_AR_CHACHAS,equipo,10.111.1.102
1113,T1138_AR_CHILCAYMARCA,equipo,10.111.1.198
1114,T1141_AR_CHOCO,equipo,10.111.1.214
1115,T1143_AR_HUANCARQUI,equipo,10.111.2.102
1116,T1144_AR_MACHAGUAY,equipo,10.111.3.118
1117,T1149_AR_ORCOPAMPA,equipo,10.111.3.246
1118,T1157_AR_PAMPACOLCA,equipo,10.111.4.6
1119,T1162_AR_TIPAN,equipo,10.111.5.166
1120,T1166_AR_UÑON,equipo,10.111.6.22
1121,T1168_AR_CORIRE,equipo,10.111.2.22
1122,T1177_AR_VIRACO,equipo,10.111.6.70
1123,T1184_AR_CHIVAY,equipo,10.111.7.86
1124,T1186_AR_ACHOMA,equipo,10.111.7.150
1125,T1187_AR_CABANACONDE,equipo,10.111.8.22
1126,T1189_AR_CALLALLI,equipo,10.111.1.22
1127,T1190_AR_CAYLLOMA,equipo,10.111.1.54
1128,T1191_AR_COPORAQUE,equipo,10.111.2.6
1129,T1192_AR_HUAMBO,equipo,10.111.2.70
1130,T1193_AR_HUANCA,equipo,10.111.2.86
1131,T1198_AR_ICHUPAMPA,equipo,10.111.2.118
1132,T1199_AR_LARI,equipo,10.111.3.38
1133,T1200_AR_LLUTA,equipo,10.111.3.54
1134,T1204_AR_MACA,equipo,10.111.3.86
1135,T1205_AR_MADRIGAL,equipo,10.111.3.134
1136,T1206_AR_IMATA,equipo,10.111.2.134
1137,T1207_AR_SIBAYO,equipo,10.111.5.38
1138,T1208_AR_TAPAY,equipo,10.111.5.86
1139,T1214_AR_TISCO,equipo,10.111.5.182
1140,T1215_AR_TUTI,equipo,10.111.5.246
1141,T1216_AR_YANQUE,equipo,10.111.6.182
1142,T1217_AR_EL PEDREGAL,equipo,10.111.2.54
1143,T1239_AR_CHUQUIBAMBA,equipo,10.111.7.102
1144,T1245_AR_ANDARAY,equipo,10.111.7.198
1145,T1248_AR_CAYARANI,equipo,10.111.1.38
1146,T1252_AR_CHICHAS,equipo,10.111.1.166
1147,T1256_AR_IRAY,equipo,10.111.2.166
1148,T1259_AR_IQUIPI,equipo,10.111.2.150
1149,T1260_AR_SAN JUAN DE CHORUNGA,equipo,10.111.7.22
1150,T1263_AR_SALAMANCA,equipo,10.111.4.182
1151,T1264_AR_YANAQUIHUA,equipo,10.111.6.118
1152,T1266_AR_MOLLENDO,equipo,10.111.3.102
1153,T1269_AR_COCACHACRA,equipo,10.111.1.246
1154,T1278_AR_LA CURVA,equipo,10.111.2.230
1155,T1281_AR_ISLAY (MATARANI),equipo,10.111.2.182
1156,T1282_AR_MEJIA,equipo,10.111.3.166
1157,T1283_AR_PUNTA DE BOMBON,equipo,10.111.4.70
1158,T1285_AR_COTAHUASI,equipo,10.111.1.86
1159,T1286_AR_ALCA,equipo,10.111.7.166
1160,T1287_AR_CHARCANA,equipo,10.111.1.150
1161,T1288_AR_TAURISMA,equipo,10.111.5.134
1162,T1289_AR_MUNGUI,equipo,10.111.3.214
1163,T1290_AR_PUYCA,equipo,10.111.4.86
1164,T1291_AR_VELINGA,equipo,10.111.6.54
1165,T1292_AR_SAYLA,equipo,10.111.5.6
1166,T1293_AR_TAURIA,equipo,10.111.5.118
1167,T1294_AR_TOMEPAMPA,equipo,10.111.5.214
1168,T1295_AR_TORO,equipo,10.111.5.230
1169,T3002_LL_EL PORVENIR,equipo,10.121.2.51
1170,T3003_LL_FLORENCIA DE MORA,equipo,10.121.2.67
1171,T3004_LL_HUANCHACO,equipo,10.121.2.131
1172,T3005_LL_LA ESPERANZA,equipo,10.121.2.243
1173,T3006_LL_LAREDO,equipo,10.121.3.3
1174,T3013_LL_MOCHE,equipo,10.121.3.99
1175,T3015_LL_POROTO,equipo,10.121.4.35
1176,T3016_LL_SALAVERRY,equipo,10.121.4.99
1177,T3017_LL_SIMBAL,equipo,10.121.4.243
1178,T3020_LL_BUENOS AIRES,equipo,10.121.1.67
1179,T3021_LL_ASCOPE,equipo,10.121.6.3
1180,T3022_LL_CHICAMA,equipo,10.121.1.211
1181,T3023_LL_CHOCOPE,equipo,10.121.1.243
1182,T3025_LL_MAGDALENA DE CAO,equipo,10.121.3.67
1183,T3026_LL_PAIJAN,equipo,10.121.3.211
1184,T3029_LL_PUERTO DE MALABRIGO,equipo,10.121.4.67
1185,T3031_LL_SANTIAGO DE CAO,equipo,10.121.4.179
1186,T3032_LL_CASA GRANDE,equipo,10.121.1.147
1187,T3037_LL_BOLIVAR,equipo,10.121.6.19
1188,T3038_LL_BAMBAMARCA,equipo,10.121.1.51
1189,T3041_LL_NUEVO CONDORMARCA,equipo,10.121.3.147
1190,T3042_LL_LONGOTEA,equipo,10.121.3.19
1191,T3046_LL_UCHUCMARCA,equipo,10.121.5.51
1192,T3052_LL_UCUNCHA,equipo,10.121.5.67
1193,T3053_LL_CHEPEN,equipo,10.121.6.51
1194,T3058_LL_PACANGA,equipo,10.121.3.179
1195,T3062_LL_PUEBLO NUEVO,equipo,10.121.4.51
1196,T3067_LL_JULCAN,equipo,10.121.6.83
1197,T3097_LL_CALAMARCA,equipo,10.121.1.115
1198,T3114_LL_CARABAMBA,equipo,10.121.1.131
1199,T3136_LL_HUASO,equipo,10.121.2.163
1200,T3156_LL_OTUZCO,equipo,10.121.6.99
1201,T3193_LL_AGALLPAMPA,equipo,10.121.1.3
1202,T3217_LL_CHARAT,equipo,10.121.1.195
1203,T3225_LL_HUARANCHAL,equipo,10.121.2.147
1204,T3235_LL_LA CUESTA,equipo,10.121.2.227
1205,T3237_LL_MACHE,equipo,10.121.3.51
1206,T3243_LL_PARANDAY,equipo,10.121.3.227
1207,T3245_LL_SALPO,equipo,10.121.4.115
1208,T3255_LL_SINSICAP,equipo,10.121.5.3
1209,T3260_LL_USQUIL,equipo,10.121.5.99
1210,T3310_LL_SAN PEDRO DE LLOC,equipo,10.121.6.115
1211,T3313_LL_GUADALUPE,equipo,10.121.2.83
1212,T3316_LL_JEQUETEPEQUE,equipo,10.121.2.211
1213,T3317_LL_PACASMAYO,equipo,10.121.3.195
1214,T3318_LL_SAN JOSE,equipo,10.121.4.131
1215,T3322_LL_TAYABAMBA,equipo,10.121.6.147
1216,T3346_LL_BULDIBUYO,equipo,10.121.1.83
1217,T3353_LL_ARCAYPATA,equipo,10.121.5.131
1218,T3356_LL_CHILLIA,equipo,10.121.1.227
1219,T3381_LL_HUANCASPATA,equipo,10.121.2.115
1220,T3398_LL_HUAYLILLAS,equipo,10.121.2.179
1221,T3401_LL_HUAYO,equipo,10.121.2.195
1222,T3414_LL_PARCOY,equipo,10.121.3.243
1223,T3435_LL_PATAZ,equipo,10.121.4.3
1224,T3440_LL_PIAS,equipo,10.121.4.19
1225,T3447_LL_CHALLAS,equipo,10.121.1.163
1226,T3451_LL_TAURIJA,equipo,10.121.5.35
1227,T3456_LL_URPAY,equipo,10.121.5.83
1228,T3461_LL_HUAMACHUCO,equipo,10.121.6.67
1229,T3486_LL_CHUGAY,equipo,10.121.2.3
1230,T3520_LL_ARICAPAMPA,equipo,10.121.1.35
1231,T3541_LL_CURGOS,equipo,10.121.2.35
1232,T3551_LL_MARCABAL,equipo,10.121.3.83
1233,T3570_LL_SANAGORAN,equipo,10.121.4.147
1234,T3589_LL_PAMPA VERDE,equipo,10.121.5.163
1235,T3595_LL_SARIN,equipo,10.121.4.195
1236,T3618_LL_SARTIMBAMBA,equipo,10.121.4.211
1237,T3635_LL_SANTIAGO DE CHUCO,equipo,10.121.6.131
1238,T3652_LL_ANGASMARCA,equipo,10.121.1.19
1239,T3658_LL_CACHICADAN,equipo,10.121.1.99
1240,T3664_LL_MOLLEBAMBA,equipo,10.121.3.115
1241,T3667_LL_MOLLEPATA,equipo,10.121.3.131
1242,T3670_LL_QUIRUVILCA,equipo,10.121.4.83
1243,T3695_LL_SANTA CRUZ DE CHUCA,equipo,10.121.4.163
1244,T3703_LL_SITABAMBA,equipo,10.121.5.19
1245,T3711_LL_PIJOBAMBA,equipo,10.121.5.179
1246,T3716_LL_CASCAS,equipo,10.121.6.35
1247,T3720_LL_9 DE OCTUBRE,equipo,10.121.5.115
1248,T3723_LL_LUCMA,equipo,10.121.3.35
1249,T3735_LL_COMPIN,equipo,10.121.2.19
1250,T3737_LL_SAYAPULLO,equipo,10.121.4.227
1251,T3742_LL_EL PORVENIR (SAYAPULLO),equipo,10.121.5.147
1252,T3749_LL_VIRU,equipo,10.121.5.211
1253,T3754_LL_PUENTE VIRU,equipo,10.121.5.195
1254,T3760_LL_CHAO,equipo,10.121.1.179
1255,T3764_LL_GUADALUPITO,equipo,10.121.2.99
1256,T3781_LL_CALIPUY,equipo,10.121.3.163
1257,T4027_SM_HABANA,equipo,10.131.1.182
1258,T4028_SM_JEPELACIO,equipo,10.131.1.230
1259,T4036_SM_SORITOR,equipo,10.131.4.118
1260,T4040_SM_YANTALO,equipo,10.131.4.214
1261,T4041_SM_BELLAVISTA,equipo,10.131.5.246
1262,T4044_SM_CUZCO,equipo,10.131.1.150
1263,T4046_SM_NUEVO LIMA,equipo,10.131.2.118
1264,T4051_SM_LEDOY,equipo,10.131.2.22
1265,T4052_SM_SAN PABLO,equipo,10.131.3.214
1266,T4055_SM_SAN RAFAEL,equipo,10.131.3.230
1267,T4057_SM_SAN JOSE DE SISA,equipo,10.131.5.182
1268,T4068_SM_AGUA BLANCA,equipo,10.131.1.6
1269,T4069_SM_SAN MARTIN,equipo,10.131.3.198
1270,T4077_SM_SANTA ROSA,equipo,10.131.4.6
1271,T4081_SM_SHATOJA,equipo,10.131.4.102
1272,T4083_SM_SAPOSOA,equipo,10.131.5.198
1273,T4084_SM_PASARRAYA,equipo,10.131.2.198
1274,T4085_SM_EL ESLABON,equipo,10.131.1.166
1275,T4087_SM_PISCOYACU,equipo,10.131.3.6
1276,T4088_SM_SACANCHE,equipo,10.131.3.134
1277,T4089_SM_LAMAS,equipo,10.131.6.22
1278,T4095_SM_ROQUE,equipo,10.131.3.102
1279,T4100_SM_BARRANQUITA,equipo,10.131.1.38
1280,T4103_SM_PONGO DE CAYNARACHI,equipo,10.131.3.38
1281,T4108_SM_CUÑUMBUQUI,equipo,10.131.1.134
1282,T4112_SM_PINTO RECODO,equipo,10.131.2.246
1283,T4114_SM_RUMISAPA,equipo,10.131.3.118
1284,T4115_SM_SAN ROQUE DE CUMBAZA,equipo,10.131.3.246
1285,T4117_SM_SHANAO,equipo,10.131.4.70
1286,T4118_SM_TABALOSOS,equipo,10.131.4.134
1287,T4119_SM_ZAPATERO,equipo,10.131.5.6
1288,T4126_SM_JUANJUI,equipo,10.131.6.6
1289,T4129_SM_CAMPANILLA,equipo,10.131.1.86
1290,T4131_SM_HUICUNGO,equipo,10.131.1.198
1291,T4132_SM_PACHIZA,equipo,10.131.2.150
1292,T4134_SM_PAJARILLO,equipo,10.131.2.166
1293,T4137_SM_PICOTA,equipo,10.131.5.150
1294,T4138_SM_BUENOS AIRES,equipo,10.131.1.54
1295,T4139_SM_CASPISAPA,equipo,10.131.1.102
1296,T4140_SM_PILLUANA,equipo,10.131.2.230
1297,T4142_SM_PUCACACA,equipo,10.131.3.70
1298,T4143_SM_PUERTO RICO,equipo,10.131.3.86
1299,T4144_SM_SAN CRISTOBAL DE SISA,equipo,10.131.3.166
1300,T4147_SM_SHAMBOYACU,equipo,10.131.4.54
1301,T4150_SM_TINGO DE PONASA,equipo,10.131.4.150
1302,T4153_SM_TRES UNIDOS,equipo,10.131.4.166
1303,T4154_SM_RIOJA,equipo,10.131.5.166
1304,T4155_SM_BAJO NARANJILLO,equipo,10.131.1.22
1305,T4160_SM_SEGUNDA JERUSALEN-AZUNGUILLO,equipo,10.131.4.38
1306,T4162_SM_NUEVA CAJAMARCA,equipo,10.131.2.102
1307,T4175_SM_NARANJOS,equipo,10.131.2.70
1308,T4180_SM_SAN JUAN DEL MAYO,equipo,10.131.5.54
1309,T4181_SM_SANTA ROSA DEL MIRADOR,equipo,10.131.5.86
1310,T4186_SM_POSIC,equipo,10.131.3.54
1311,T4187_SM_SAN FERNANDO,equipo,10.131.3.182
1312,T4189_SM_YORONGOS,equipo,10.131.4.230
1313,T4190_SM_YURACYACU,equipo,10.131.4.246
1314,T4191_SM_TARAPOTO,equipo,10.131.5.214
1315,T4192_SM_UTCURARCA,equipo,10.131.4.198
1316,T4193_SM_CACATACHI,equipo,10.131.1.70
1317,T4194_SM_CHAZUTA,equipo,10.131.1.118
1318,T4199_SM_NAVARRO,equipo,10.131.2.86
1319,T4202_SM_PELEJO,equipo,10.131.2.214
1320,T4204_SM_HUIMBAYOC,equipo,10.131.1.214
1321,T4209_SM_JUAN GUERRA,equipo,10.131.1.246
1322,T4210_SM_LA BANDA,equipo,10.131.2.6
1323,T4211_SM_MORALES,equipo,10.131.2.54
1324,T4212_SM_PAPAPLAYA,equipo,10.131.2.182
1325,T4216_SM_SAN ANTONIO,equipo,10.131.3.150
1326,T4217_SM_SAUCE,equipo,10.131.4.22
1327,T4219_SM_SHAPAJA,equipo,10.131.4.86
1328,T4220_SM_TOCACHE,equipo,10.131.5.230
1329,T4223_SM_NUEVO BAMBAMARCA,equipo,10.131.5.22
1330,T4227_SM_NUEVO PROGRESO,equipo,10.131.2.134
1331,T4232_SM_POLVORA,equipo,10.131.3.22
1332,T4234_SM_PUERTO PISANA,equipo,10.131.5.38
1333,T4243_SM_MONTE CRISTO,equipo,10.131.2.38
1334,T4244_SM_UCHIZA,equipo,10.131.4.182
1335,T4249_SM_SANTA LUCIA,equipo,10.131.5.70
1336,T2004_AN_COCHABAMBA,generador,10.101.1.54
1337,T2008_AN_COLCABAMBA,generador,10.101.1.70
1338,T2009_AN_HUANCHAY (HUARAZ),generador,10.101.1.86
1339,T2012_AN_CENTENARIO,generador,10.101.1.102
1340,T2023_AN_JANGAS,generador,10.101.1.118
1341,T2027_AN_CAJAMARQUILLA (HUARAZ),generador,10.101.1.134
1342,T2029_AN_OLLEROS,generador,10.101.1.150
1343,T2031_AN_PAMPAS GRANDE,generador,10.101.1.166
1344,T2033_AN_PARIACOTO,generador,10.101.1.182
1345,T2040_AN_PIRA,generador,10.101.1.198
1346,T2045_AN_TARICA,generador,10.101.1.214
1347,T2049_AN_AIJA,generador,10.101.11.102
1348,T2050_AN_CORIS,generador,10.101.1.230
1349,T2052_AN_HUACLLAN,generador,10.101.1.246
1350,T2053_AN_LA MERCED,generador,10.101.2.6
1351,T2055_AN_SUCCHA,generador,10.101.2.22
1352,T2056_AN_LLAMELLIN,generador,10.101.11.118
1353,T2058_AN_ACZO,generador,10.101.2.38
1354,T2061_AN_CHACCHO,generador,10.101.2.54
1355,T2062_AN_CHINGAS,generador,10.101.2.70
1356,T2065_AN_MIRGAS,generador,10.101.2.86
1357,T2071_AN_SAN JUAN DE RONTOY,generador,10.101.2.102
1358,T2073_AN_CHACAS,generador,10.101.11.134
1359,T2076_AN_ACOCHACA,generador,10.101.2.118
1360,T2080_AN_CHIQUIAN,generador,10.101.11.150
1361,T2082_AN_LLACLLA,generador,10.101.2.134
1362,T2083_AN_RAQUIA,generador,10.101.2.150
1363,T2085_AN_AQUIA,generador,10.101.2.166
1364,T2086_AN_CAJACAY,generador,10.101.2.182
1365,T2089_AN_CANIS,generador,10.101.2.198
1366,T2090_AN_CHASQUITAMBO,generador,10.101.2.214
1367,T2091_AN_HUALLANCA (CHIQUIAN),generador,10.101.2.230
1368,T2092_AN_HUASTA,generador,10.101.2.246
1369,T2094_AN_HUAYLLACAYAN,generador,10.101.3.6
1370,T2095_AN_GORGORILLO,generador,10.101.3.22
1371,T2096_AN_MANGAS,generador,10.101.3.38
1372,T2097_AN_PACLLON,generador,10.101.3.54
1373,T2098_AN_CORPANQUI,generador,10.101.3.70
1374,T2099_AN_TICLLOS,generador,10.101.3.86
1375,T2101_AN_CARHUAZ,generador,10.101.11.166
1376,T2111_AN_ACOPAMPA,generador,10.101.3.102
1377,T2113_AN_AMASHCA,generador,10.101.3.118
1378,T2118_AN_MARCARA,generador,10.101.3.150
1379,T2125_AN_PARIAHUANCA,generador,10.101.3.166
1380,T2126_AN_ACO (SAN MIGUEL DE ACO),generador,10.101.3.182
1381,T2130_AN_SHILLA,generador,10.101.3.198
1382,T2131_AN_TINCO,generador,10.101.3.214
1383,T2132_AN_YUNGAR,generador,10.101.3.230
1384,T2136_AN_SAN LUIS,generador,10.101.11.182
1385,T2147_AN_HUAMBACHO,generador,10.101.3.134
1386,T2149_AN_SAN NICOLAS,generador,10.101.3.246
1387,T2153_AN_YAUYA,generador,10.101.4.6
1388,T2161_AN_CASMA,generador,10.101.10.134
1389,T2163_AN_BUENA VISTA ALTA,generador,10.101.4.22
1390,T2167_AN_PUERTO CASMA,generador,10.101.4.38
1391,T2170_AN_YAUTAN,generador,10.101.4.54
1392,T2175_AN_CORONGO,generador,10.101.10.150
1393,T2176_AN_ACO (ACO),generador,10.101.4.70
1394,T2177_AN_BAMBAS,generador,10.101.4.86
1395,T2178_AN_CUSCA,generador,10.101.4.102
1396,T2182_AN_LA PAMPA,generador,10.101.4.118
1397,T2184_AN_YANAC,generador,10.101.4.134
1398,T2186_AN_YUPAN,generador,10.101.4.150
1399,T2187_AN_HUARI,generador,10.101.10.166
1400,T2195_AN_ANRA,generador,10.101.4.166
1401,T2197_AN_CAJAY,generador,10.101.4.182
1402,T2200_AN_CHAVIN DE HUANTAR,generador,10.101.4.198
1403,T2213_AN_HUACACHI,generador,10.101.4.214
1404,T2218_AN_HUACCHIS,generador,10.101.4.230
1405,T2221_AN_HUACHIS,generador,10.101.4.246
1406,T2224_AN_HUANTAR,generador,10.101.5.6
1407,T2227_AN_MASIN,generador,10.101.5.22
1408,T2230_AN_PAUCAS,generador,10.101.5.38
1409,T2232_AN_PONTO,generador,10.101.5.54
1410,T2238_AN_RAHUAPAMPA,generador,10.101.5.70
1411,T2239_AN_RAPAYAN,generador,10.101.5.86
1412,T2242_AN_SAN MARCOS,generador,10.101.5.102
1413,T2253_AN_CHANA,generador,10.101.5.118
1414,T2255_AN_UCO,generador,10.101.5.134
1415,T2258_AN_HUARMEY,generador,10.101.10.182
1416,T2262_AN_COCHAPETI,generador,10.101.5.150
1417,T2263_AN_LA CALETA CULEBRAS,generador,10.101.5.166
1418,T2266_AN_HUAYAN,generador,10.101.5.182
1419,T2268_AN_MALVAS,generador,10.101.5.198
1420,T2269_AN_CARAZ,generador,10.101.10.198
1421,T2280_AN_HUALLANCA (CARAZ),generador,10.101.5.214
1422,T2282_AN_HUATA,generador,10.101.5.230
1423,T2284_AN_HUAYLAS,generador,10.101.5.246
1424,T2286_AN_SUCRE,generador,10.101.6.6
1425,T2287_AN_PAMPAROMAS,generador,10.101.6.22
1426,T2297_AN_SAN JUAN,generador,10.101.6.38
1427,T2305_AN_HUARIPAMPA,generador,10.101.6.54
1428,T2313_AN_SANTO TORIBIO,generador,10.101.6.70
1429,T2315_AN_YURACMARCA,generador,10.101.6.86
1430,T2317_AN_PISCOBAMBA,generador,10.101.10.214
1431,T2319_AN_CASCA,generador,10.101.6.102
1432,T2324_AN_PAMPACHACRA,generador,10.101.6.118
1433,T2326_AN_SANACHGAN,generador,10.101.6.134
1434,T2328_AN_LLAMA,generador,10.101.6.150
1435,T2329_AN_LLUMPA,generador,10.101.6.166
1436,T2339_AN_LUCMA,generador,10.101.6.182
1437,T2344_AN_MUSGA,generador,10.101.6.198
1438,T2346_AN_OCROS,generador,10.101.10.230
1439,T2347_AN_ACAS,generador,10.101.6.214
1440,T2348_AN_CAJAMARQUILLA (OCROS),generador,10.101.6.230
1441,T2349_AN_ACO (CARHUANPA),generador,10.101.6.246
1442,T2350_AN_HUANCHAY (OCROS),generador,10.101.7.6
1443,T2351_AN_CONGAS,generador,10.101.7.22
1444,T2352_AN_LLIPA,generador,10.101.7.38
1445,T2353_AN_RAJAN,generador,10.101.7.54
1446,T2354_AN_COPA,generador,10.101.7.70
1447,T2355_AN_SANTIAGO DE CHILCAS,generador,10.101.7.86
1448,T2356_AN_CABANA,generador,10.101.10.246
1449,T2359_AN_BOLOGNESI,generador,10.101.7.102
1450,T2361_AN_CONCHUCOS,generador,10.101.7.118
1451,T2363_AN_HUACASCHUQUE,generador,10.101.7.134
1452,T2364_AN_HUANDOVAL,generador,10.101.7.150
1453,T2365_AN_LACABAMBA,generador,10.101.7.166
1454,T2366_AN_LLAPO,generador,10.101.7.182
1455,T2367_AN_PALLASCA,generador,10.101.7.198
1456,T2369_AN_PAMPAS,generador,10.101.7.214
1457,T2373_AN_SANTA ROSA,generador,10.101.7.230
1458,T2375_AN_TAUCA,generador,10.101.7.246
1459,T2380_AN_POMABAMBA,generador,10.101.11.70
1460,T2385_AN_HUAYLLAN,generador,10.101.8.6
1461,T2389_AN_PAROBAMBA,generador,10.101.8.22
1462,T2397_AN_QUINUABAMBA,generador,10.101.8.38
1463,T2400_AN_RECUAY,generador,10.101.11.86
1464,T2402_AN_CATAC,generador,10.101.8.54
1465,T2403_AN_COTAPARACO,generador,10.101.8.70
1466,T2404_AN_HUAYLLAPAMPA,generador,10.101.8.86
1467,T2405_AN_LLACLLIN,generador,10.101.8.102
1468,T2406_AN_MARCA,generador,10.101.8.118
1469,T2407_AN_PAMPAS CHICO,generador,10.101.8.134
1470,T2410_AN_PARARIN,generador,10.101.8.150
1471,T2411_AN_TAPACOCHA,generador,10.101.8.166
1472,T2412_AN_TICAPAMPA,generador,10.101.8.182
1473,T2413_AN_CHIMBOTE,generador,10.101.1.6
1474,T2431_AN_JIMBE,generador,10.101.8.198
1475,T2434_AN_COISHCO,generador,10.101.8.214
1476,T2435_AN_MACATE,generador,10.101.8.230
1477,T2436_AN_MORO,generador,10.101.8.246
1478,T2441_AN_NEPEÑA,generador,10.101.9.6
1479,T2447_AN_HUAMBACHO,generador,10.101.3.134
1480,T2445_AN_SAMANCO,generador,10.101.18.38
1481,T2450_AN_SANTA,generador,10.101.9.22
1482,T2452_AN_BUENOS AIRES,generador,10.101.9.38
1483,T2454_AN_SIHUAS,generador,10.101.1.22
1484,T2458_AN_ACOBAMBA,generador,10.101.9.54
1485,T2462_AN_ULLULLUCO,generador,10.101.9.70
1486,T2465_AN_CHINGALPO,generador,10.101.9.86
1487,T2466_AN_HUAYLLABAMBA,generador,10.101.9.102
1488,T2474_AN_QUICHES,generador,10.101.9.118
1489,T2478_AN_RAGASH,generador,10.101.9.134
1490,T2480_AN_CHULLIN,generador,10.101.9.150
1491,T2485_AN_UMBE,generador,10.101.9.166
1492,T2488_AN_YUNGAY,generador,10.101.1.38
1493,T2505_AN_CASCAPARA,generador,10.101.9.182
1494,T2508_AN_MANCOS,generador,10.101.9.198
1495,T2514_AN_MATACOTO,generador,10.101.9.214
1496,T2515_AN_QUILLO,generador,10.101.9.230
1497,T2525_AN_RANRAHIRCA,generador,10.101.9.246
1498,T2527_AN_SHUPLUY,generador,10.101.10.6
1499,T2528_AN_YANAMA,generador,10.101.10.22
1500,T1002_AR_SELVA ALEGRE,generador,10.111.5.19
1501,T1003_AR_CAYMA,generador,10.111.1.67
1502,T1004_AR_LA LIBERTAD,generador,10.111.3.3
1503,T1005_AR_CHARACATO,generador,10.111.1.131
1504,T1006_AR_CHIGUATA,generador,10.111.1.179
1505,T1010_AR_JACOBO HUNTER,generador,10.111.2.195
1506,T1011_AR_LA JOYA,generador,10.111.2.243
1507,T1027_AR_MARIANO MELGAR,generador,10.111.3.147
1508,T1028_AR_MIRAFLORES,generador,10.111.3.179
1509,T1029_AR_MOLLEBAYA,generador,10.111.3.195
1510,T1031_AR_PAUCARPATA,generador,10.111.4.19
1511,T1032_AR_POCSI,generador,10.111.4.35
1512,T1035_AR_POLOBAYA GRANDE,generador,10.111.4.51
1513,T1040_AR_QUEQUEÑA,generador,10.111.4.99
1514,T1041_AR_SABANDIA,generador,10.111.4.147
1515,T1043_AR_SACHACA,generador,10.111.4.163
1516,T1044_AR_TAMBILLO,generador,10.111.5.67
1517,T1045_AR_TARUCANI,generador,10.111.5.99
1518,T1046_AR_SANTA ISABEL DE SIGUAS,generador,10.111.4.227
1519,T1049_AR_SANTA RITA DE SIGUAS,generador,10.111.4.243
1520,T1050_AR_SOCABAYA,generador,10.111.5.51
1521,T1051_AR_TIABAYA,generador,10.111.5.147
1522,T1053_AR_UCHUMAYO,generador,10.111.6.3
1523,T1055_AR_VITOR,generador,10.111.6.83
1524,T1061_AR_YANAHUARA,generador,10.111.6.99
1525,T1062_AR_YARABAMBA,generador,10.111.6.211
1526,T1064_AR_YURA,generador,10.111.6.243
1527,T1065_AR_CONO NORTE,generador,10.111.6.131
1528,T1068_AR_CIUDAD SATELITE,generador,10.111.1.227
1529,T1069_AR_CAMANA,generador,10.111.8.51
1530,T1070_AR_EL CARDO,generador,10.111.2.35
1531,T1073_AR_URASQUI,generador,10.111.6.35
1532,T1075_AR_SAN JOSE,generador,10.111.4.211
1533,T1076_AR_PUCCHUN,generador,10.111.6.195
1534,T1077_AR_SAN GREGORIO,generador,10.111.4.195
1535,T1079_AR_OCOÑA,generador,10.111.3.227
1536,T1085_AR_QUILCA,generador,10.111.4.131
1537,T1086_AR_LA PAMPA,generador,10.111.3.19
1538,T1090_AR_CARAVELI,generador,10.111.8.67
1539,T1091_AR_ACARI,generador,10.111.7.115
1540,T1097_AR_ATICO,generador,10.111.7.211
1541,T1098_AR_LA FLORIDA,generador,10.111.6.147
1542,T1099_AR_ATIQUIPA,generador,10.111.7.227
1543,T1102_AR_BELLA UNION,generador,10.111.8.3
1544,T1104_AR_CAHUACHO,generador,10.111.1.3
1545,T1106_AR_CHALA,generador,10.111.1.115
1546,T1107_AR_ACHANIZO,generador,10.111.7.131
1547,T1109_AR_PUEBLO VIEJO (CHAPARRA),generador,10.111.7.3
1548,T1111_AR_TOCOTA,generador,10.111.5.195
1549,T1112_AR_MOLLEHUACA,generador,10.111.6.163
1550,T1113_AR_JAQUI,generador,10.111.2.211
1551,T1116_AR_LOMAS,generador,10.111.3.67
1552,T1117_AR_QUICACHA,generador,10.111.4.115
1553,T1120_AR_YAUCA,generador,10.111.6.227
1554,T1121_AR_APLAO,generador,10.111.8.35
1555,T1132_AR_ANDAGUA,generador,10.111.7.179
1556,T1134_AR_AYO,generador,10.111.7.243
1557,T1135_AR_CHACHAS,generador,10.111.1.99
1558,T1138_AR_CHILCAYMARCA,generador,10.111.1.195
1559,T1141_AR_CHOCO,generador,10.111.1.211
1560,T1143_AR_HUANCARQUI,generador,10.111.2.99
1561,T1144_AR_MACHAGUAY,generador,10.111.3.115
1562,T1149_AR_ORCOPAMPA,generador,10.111.3.243
1563,T1157_AR_PAMPACOLCA,generador,10.111.4.3
1564,T1162_AR_TIPAN,generador,10.111.5.163
1565,T1166_AR_UÑON,generador,10.111.6.19
1566,T1168_AR_CORIRE,generador,10.111.2.19
1567,T1177_AR_VIRACO,generador,10.111.6.67
1568,T1184_AR_CHIVAY,generador,10.111.7.83
1569,T1186_AR_ACHOMA,generador,10.111.7.147
1570,T1187_AR_CABANACONDE,generador,10.111.8.19
1571,T1189_AR_CALLALLI,generador,10.111.1.19
1572,T1190_AR_CAYLLOMA,generador,10.111.1.51
1573,T1191_AR_COPORAQUE,generador,10.111.2.3
1574,T1192_AR_HUAMBO,generador,10.111.2.67
1575,T1193_AR_HUANCA,generador,10.111.2.83
1576,T1198_AR_ICHUPAMPA,generador,10.111.2.115
1577,T1199_AR_LARI,generador,10.111.3.35
1578,T1200_AR_LLUTA,generador,10.111.3.51
1579,T1204_AR_MACA,generador,10.111.3.83
1580,T1205_AR_MADRIGAL,generador,10.111.3.131
1581,T1206_AR_IMATA,generador,10.111.2.131
1582,T1207_AR_SIBAYO,generador,10.111.5.35
1583,T1208_AR_TAPAY,generador,10.111.5.83
1584,T1214_AR_TISCO,generador,10.111.5.179
1585,T1215_AR_TUTI,generador,10.111.5.243
1586,T1216_AR_YANQUE,generador,10.111.6.179
1587,T1217_AR_EL PEDREGAL,generador,10.111.2.51
1588,T1239_AR_CHUQUIBAMBA,generador,10.111.7.99
1589,T1245_AR_ANDARAY,generador,10.111.7.195
1590,T1248_AR_CAYARANI,generador,10.111.1.35
1591,T1252_AR_CHICHAS,generador,10.111.1.163
1592,T1256_AR_IRAY,generador,10.111.2.163
1593,T1259_AR_IQUIPI,generador,10.111.2.147
1594,T1260_AR_SAN JUAN DE CHORUNGA,generador,10.111.7.19
1595,T1263_AR_SALAMANCA,generador,10.111.4.179
1596,T1264_AR_YANAQUIHUA,generador,10.111.6.115
1597,T1266_AR_MOLLENDO,generador,10.111.3.99
1598,T1269_AR_COCACHACRA,generador,10.111.1.243
1599,T1278_AR_LA CURVA,generador,10.111.2.227
1600,T1281_AR_ISLAY (MATARANI),generador,10.111.2.179
1601,T1282_AR_MEJIA,generador,10.111.3.163
1602,T1283_AR_PUNTA DE BOMBON,generador,10.111.4.67
1603,T1285_AR_COTAHUASI,generador,10.111.1.83
1604,T1286_AR_ALCA,generador,10.111.7.163
1605,T1287_AR_CHARCANA,generador,10.111.1.147
1606,T1288_AR_TAURISMA,generador,10.111.5.131
1607,T1289_AR_MUNGUI,generador,10.111.3.211
1608,T1290_AR_PUYCA,generador,10.111.4.83
1609,T1291_AR_VELINGA,generador,10.111.6.51
1610,T1292_AR_SAYLA,generador,10.111.5.3
1611,T1293_AR_TAURIA,generador,10.111.5.115
1612,T1294_AR_TOMEPAMPA,generador,10.111.5.211
1613,T1295_AR_TORO,generador,10.111.5.227
1614,T3002_LL_EL PORVENIR,generador,10.121.2.54
1615,T3003_LL_FLORENCIA DE MORA,generador,10.121.2.70
1616,T3004_LL_HUANCHACO,generador,10.121.2.134
1617,T3005_LL_LA ESPERANZA,generador,10.121.2.246
1618,T3006_LL_LAREDO,generador,10.121.3.6
1619,T3013_LL_MOCHE,generador,10.121.3.102
1620,T3015_LL_POROTO,generador,10.121.4.38
1621,T3016_LL_SALAVERRY,generador,10.121.4.102
1622,T3017_LL_SIMBAL,generador,10.121.4.246
1623,T3020_LL_BUENOS AIRES,generador,10.121.1.70
1624,T3021_LL_ASCOPE,generador,10.121.6.6
1625,T3022_LL_CHICAMA,generador,10.121.1.214
1626,T3023_LL_CHOCOPE,generador,10.121.1.246
1627,T3025_LL_MAGDALENA DE CAO,generador,10.121.3.70
1628,T3026_LL_PAIJAN,generador,10.121.3.214
1629,T3029_LL_PUERTO DE MALABRIGO,generador,10.121.4.70
1630,T3031_LL_SANTIAGO DE CAO,generador,10.121.4.182
1631,T3032_LL_CASA GRANDE,generador,10.121.1.150
1632,T3037_LL_BOLIVAR,generador,10.121.6.22
1633,T3038_LL_BAMBAMARCA,generador,10.121.1.54
1634,T3041_LL_NUEVO CONDORMARCA,generador,10.121.3.150
1635,T3042_LL_LONGOTEA,generador,10.121.3.22
1636,T3046_LL_UCHUCMARCA,generador,10.121.5.54
1637,T3052_LL_UCUNCHA,generador,10.121.5.70
1638,T3053_LL_CHEPEN,generador,10.121.6.54
1639,T3058_LL_PACANGA,generador,10.121.3.182
1640,T3062_LL_PUEBLO NUEVO,generador,10.121.4.54
1641,T3067_LL_JULCAN,generador,10.121.6.86
1642,T3097_LL_CALAMARCA,generador,10.121.1.118
1643,T3114_LL_CARABAMBA,generador,10.121.1.134
1644,T3136_LL_HUASO,generador,10.121.2.166
1645,T3156_LL_OTUZCO,generador,10.121.6.102
1646,T3193_LL_AGALLPAMPA,generador,10.121.1.6
1647,T3217_LL_CHARAT,generador,10.121.1.198
1648,T3225_LL_HUARANCHAL,generador,10.121.2.150
1649,T3235_LL_LA CUESTA,generador,10.121.2.230
1650,T3237_LL_MACHE,generador,10.121.3.54
1651,T3243_LL_PARANDAY,generador,10.121.3.230
1652,T3245_LL_SALPO,generador,10.121.4.118
1653,T3255_LL_SINSICAP,generador,10.121.5.6
1654,T3260_LL_USQUIL,generador,10.121.5.102
1655,T3310_LL_SAN PEDRO DE LLOC,generador,10.121.6.118
1656,T3313_LL_GUADALUPE,generador,10.121.2.86
1657,T3316_LL_JEQUETEPEQUE,generador,10.121.2.214
1658,T3317_LL_PACASMAYO,generador,10.121.3.198
1659,T3318_LL_SAN JOSE,generador,10.121.4.134
1660,T3322_LL_TAYABAMBA,generador,10.121.6.150
1661,T3346_LL_BULDIBUYO,generador,10.121.1.86
1662,T3353_LL_ARCAYPATA,generador,10.121.5.134
1663,T3356_LL_CHILLIA,generador,10.121.1.230
1664,T3381_LL_HUANCASPATA,generador,10.121.2.118
1665,T3398_LL_HUAYLILLAS,generador,10.121.2.182
1666,T3401_LL_HUAYO,generador,10.121.2.198
1667,T3414_LL_PARCOY,generador,10.121.3.246
1668,T3435_LL_PATAZ,generador,10.121.4.6
1669,T3440_LL_PIAS,generador,10.121.4.22
1670,T3447_LL_CHALLAS,generador,10.121.1.166
1671,T3451_LL_TAURIJA,generador,10.121.5.38
1672,T3456_LL_URPAY,generador,10.121.5.86
1673,T3461_LL_HUAMACHUCO,generador,10.121.6.70
1674,T3486_LL_CHUGAY,generador,10.121.2.6
1675,T3520_LL_ARICAPAMPA,generador,10.121.1.38
1676,T3541_LL_CURGOS,generador,10.121.2.38
1677,T3551_LL_MARCABAL,generador,10.121.3.86
1678,T3570_LL_SANAGORAN,generador,10.121.4.150
1679,T3589_LL_PAMPA VERDE,generador,10.121.5.166
1680,T3595_LL_SARIN,generador,10.121.4.198
1681,T3618_LL_SARTIMBAMBA,generador,10.121.4.214
1682,T3635_LL_SANTIAGO DE CHUCO,generador,10.121.6.134
1683,T3652_LL_ANGASMARCA,generador,10.121.1.22
1684,T3658_LL_CACHICADAN,generador,10.121.1.102
1685,T3664_LL_MOLLEBAMBA,generador,10.121.3.118
1686,T3667_LL_MOLLEPATA,generador,10.121.3.134
1687,T3670_LL_QUIRUVILCA,generador,10.121.4.86
1688,T3695_LL_SANTA CRUZ DE CHUCA,generador,10.121.4.166
1689,T3703_LL_SITABAMBA,generador,10.121.5.22
1690,T3711_LL_PIJOBAMBA,generador,10.121.5.182
1691,T3716_LL_CASCAS,generador,10.121.6.38
1692,T3720_LL_9 DE OCTUBRE,generador,10.121.5.118
1693,T3723_LL_LUCMA,generador,10.121.3.38
1694,T3735_LL_COMPIN,generador,10.121.2.22
1695,T3737_LL_SAYAPULLO,generador,10.121.4.230
1696,T3742_LL_EL PORVENIR (SAYAPULLO),generador,10.121.5.150
1697,T3749_LL_VIRU,generador,10.121.5.214
1698,T3754_LL_PUENTE VIRU,generador,10.121.5.198
1699,T3760_LL_CHAO,generador,10.121.1.182
1700,T3764_LL_GUADALUPITO,generador,10.121.2.102
1701,T3781_LL_CALIPUY,generador,10.121.3.166
1702,T4027_SM_HABANA,generador,10.131.1.179
1703,T4028_SM_JEPELACIO,generador,10.131.1.227
1704,T4036_SM_SORITOR,generador,10.131.4.115
1705,T4040_SM_YANTALO,generador,10.131.4.211
1706,T4041_SM_BELLAVISTA,generador,10.131.5.243
1707,T4044_SM_CUZCO,generador,10.131.1.147
1708,T4046_SM_NUEVO LIMA,generador,10.131.2.115
1709,T4051_SM_LEDOY,generador,10.131.2.19
1710,T4052_SM_SAN PABLO,generador,10.131.3.211
1711,T4055_SM_SAN RAFAEL,generador,10.131.3.227
1712,T4057_SM_SAN JOSE DE SISA,generador,10.131.5.179
1713,T4068_SM_AGUA BLANCA,generador,10.131.1.3
1714,T4069_SM_SAN MARTIN,generador,10.131.3.195
1715,T4077_SM_SANTA ROSA,generador,10.131.4.3
1716,T4081_SM_SHATOJA,generador,10.131.4.99
1717,T4083_SM_SAPOSOA,generador,10.131.5.195
1718,T4084_SM_PASARRAYA,generador,10.131.2.195
1719,T4085_SM_EL ESLABON,generador,10.131.1.163
1720,T4087_SM_PISCOYACU,generador,10.131.3.3
1721,T4088_SM_SACANCHE,generador,10.131.3.131
1722,T4089_SM_LAMAS,generador,10.131.6.19
1723,T4095_SM_ROQUE,generador,10.131.3.99
1724,T4100_SM_BARRANQUITA,generador,10.131.1.35
1725,T4103_SM_PONGO DE CAYNARACHI,generador,10.131.3.35
1726,T4108_SM_CUÑUMBUQUI,generador,10.131.1.131
1727,T4112_SM_PINTO RECODO,generador,10.131.2.243
1728,T4114_SM_RUMISAPA,generador,10.131.3.115
1729,T4115_SM_SAN ROQUE DE CUMBAZA,generador,10.131.3.243
1730,T4117_SM_SHANAO,generador,10.131.4.67
1731,T4118_SM_TABALOSOS,generador,10.131.4.131
1732,T4119_SM_ZAPATERO,generador,10.131.5.3
1733,T4126_SM_JUANJUI,generador,10.131.6.3
1734,T4129_SM_CAMPANILLA,generador,10.131.1.83
1735,T4131_SM_HUICUNGO,generador,10.131.1.195
1736,T4132_SM_PACHIZA,generador,10.131.2.147
1737,T4134_SM_PAJARILLO,generador,10.131.2.163
1738,T4137_SM_PICOTA,generador,10.131.5.147
1739,T4138_SM_BUENOS AIRES,generador,10.131.1.51
1740,T4139_SM_CASPISAPA,generador,10.131.1.99
1741,T4140_SM_PILLUANA,generador,10.131.2.227
1742,T4142_SM_PUCACACA,generador,10.131.3.67
1743,T4143_SM_PUERTO RICO,generador,10.131.3.83
1744,T4144_SM_SAN CRISTOBAL DE SISA,generador,10.131.3.163
1745,T4147_SM_SHAMBOYACU,generador,10.131.4.51
1746,T4150_SM_TINGO DE PONASA,generador,10.131.4.147
1747,T4153_SM_TRES UNIDOS,generador,10.131.4.163
1748,T4154_SM_RIOJA,generador,10.131.5.163
1749,T4155_SM_BAJO NARANJILLO,generador,10.131.1.19
1750,T4160_SM_SEGUNDA JERUSALEN-AZUNGUILLO,generador,10.131.4.35
1751,T4162_SM_NUEVA CAJAMARCA,generador,10.131.2.99
1752,T4175_SM_NARANJOS,generador,10.131.2.67
1753,T4180_SM_SAN JUAN DEL MAYO,generador,10.131.5.51
1754,T4181_SM_SANTA ROSA DEL MIRADOR,generador,10.131.5.83
1755,T4186_SM_POSIC,generador,10.131.3.51
1756,T4187_SM_SAN FERNANDO,generador,10.131.3.179
1757,T4189_SM_YORONGOS,generador,10.131.4.227
1758,T4190_SM_YURACYACU,generador,10.131.4.243
1759,T4191_SM_TARAPOTO,generador,10.131.5.211
1760,T4192_SM_UTCURARCA,generador,10.131.4.195
1761,T4193_SM_CACATACHI,generador,10.131.1.67
1762,T4194_SM_CHAZUTA,generador,10.131.1.115
1763,T4199_SM_NAVARRO,generador,10.131.2.83
1764,T4202_SM_PELEJO,generador,10.131.2.211
1765,T4204_SM_HUIMBAYOC,generador,10.131.1.211
1766,T4209_SM_JUAN GUERRA,generador,10.131.1.243
1767,T4210_SM_LA BANDA,generador,10.131.2.3
1768,T4211_SM_MORALES,generador,10.131.2.51
1769,T4212_SM_PAPAPLAYA,generador,10.131.2.179
1770,T4216_SM_SAN ANTONIO,generador,10.131.3.147
1771,T4217_SM_SAUCE,generador,10.131.4.19
1772,T4219_SM_SHAPAJA,generador,10.131.4.83
1773,T4220_SM_TOCACHE,generador,10.131.5.227
1774,T4223_SM_NUEVO BAMBAMARCA,generador,10.131.5.19
1775,T4227_SM_NUEVO PROGRESO,generador,10.131.2.131
1776,T4232_SM_POLVORA,generador,10.131.3.19
1777,T4234_SM_PUERTO PISANA,generador,10.131.5.35
1778,T4243_SM_MONTE CRISTO,generador,10.131.2.35
1779,T4244_SM_UCHIZA,generador,10.131.4.179
1780,T4249_SM_SANTA LUCIA,generador,10.131.5.67
